receipt_number,student_roll_no,transaction_date,amount_paid_inr,total_tuition_due_inr,payment_mode,accounts_clearance_status,bank_ref_id
REC-2024-5001,NIMS-2024-0001,02-Jun-2024,60000,60000,RTGS,CLEARED,UTR6517352486
REC-2024-5002,NIMS-2024-0002,03-Jun-2024,60000,60000,UPI,CLEARED,UTR8458323087
REC-2024-5003,NIMS-2024-0003,04-Jun-2024,150000,150000,NEFT,CLEARED,UTR6525576685
REC-2024-5004,NIMS-2024-0004,05-Jun-2024,150000,150000,RTGS,CLEARED,UTR4729138222
REC-2024-5005,NIMS-2024-0005,06-Jun-2024,60000,60000,UPI,CLEARED,UTR4895849088
REC-2024-5006,NIMS-2024-0006,07-Jun-2024,60000,60000,NEFT,CLEARED,UTR5990749811
REC-2024-5007,NIMS-2024-0007,08-Jun-2024,110000,110000,RTGS,CLEARED,UTR6641362499
REC-2024-5008,NIMS-2024-0008,09-Jun-2024,110000,110000,UPI,CLEARED,UTR8346255879
REC-2024-5009,NIMS-2024-0009,10-Jun-2024,110000,110000,Demand Draft,CLEARED,UTR8063693463
REC-2024-5010,NIMS-2024-0010,11-Jun-2024,85000,85000,UPI,CLEARED,UTR9107574572
REC-2024-5011,NIMS-2024-0011,12-Jun-2024,85000,85000,UPI,CLEARED,UTR7228942343
REC-2024-5012,NIMS-2024-0012,13-Jun-2024,110000,110000,RTGS,CLEARED,UTR1099218439
REC-2024-5013,NIMS-2024-0013,14-Jun-2024,150000,150000,RTGS,CLEARED,UTR8138332494
REC-2024-5014,NIMS-2024-0014,15-Jun-2024,150000,150000,NEFT,CLEARED,UTR1904397668
REC-2024-5015,NIMS-2024-0016,17-Jun-2024,150000,150000,NetBanking,CLEARED,UTR1442421654
REC-2024-5016,NIMS-2024-0017,18-Jun-2024,60000,60000,NEFT,CLEARED,UTR1231178500
REC-2024-5017,NIMS-2024-0018,19-Jun-2024,150000,150000,NetBanking,CLEARED,UTR5277846424
REC-2024-5018,NIMS-2024-0019,20-Jun-2024,60000,60000,NEFT,CLEARED,UTR1666898313
REC-2024-5019,NIMS-2024-0020,21-Jun-2024,85000,85000,NetBanking,CLEARED,UTR2328736852
REC-2024-5020,NIMS-2024-0021,22-Jun-2024,60000,60000,RTGS,CLEARED,UTR8462906091
REC-2024-5021,NIMS-2024-0022,23-Jun-2024,60000,60000,NetBanking,CLEARED,UTR3690714075
REC-2024-5022,NIMS-2024-0023,24-Jun-2024,70000,85000,Demand Draft,PARTIAL_BALANCE,UTR4601406440
REC-2024-5023,NIMS-2024-0024,25-Jun-2024,110000,110000,NEFT,CLEARED,UTR9740924080
REC-2024-5024,NIMS-2024-0025,26-Jun-2024,85000,85000,UPI,CLEARED,UTR7340036327
REC-2024-5025,NIMS-2024-0026,27-Jun-2024,60000,60000,Demand Draft,CLEARED,UTR9310149998
REC-2024-5026,NIMS-2024-0027,28-Jun-2024,60000,60000,Demand Draft,CLEARED,UTR2910594463
REC-2024-5027,NIMS-2024-0028,29-Jun-2024,150000,150000,Demand Draft,CLEARED,UTR7861571879
REC-2024-5028,NIMS-2024-0029,30-Jun-2024,150000,150000,Demand Draft,CLEARED,UTR7587552692
REC-2024-5029,NIMS-2024-0030,01-Jul-2024,60000,60000,UPI,CLEARED,UTR5679598896
REC-2024-5030,NIMS-2024-0031,02-Jul-2024,150000,150000,UPI,CLEARED,UTR6865994703
REC-2024-5031,NIMS-2024-0032,03-Jul-2024,60000,60000,UPI,CLEARED,UTR5963769028
REC-2024-5032,NIMS-2024-0033,04-Jul-2024,60000,60000,NEFT,CLEARED,UTR9590331226
REC-2024-5033,NIMS-2024-0034,05-Jul-2024,150000,150000,RTGS,CLEARED,UTR6771941776
REC-2024-5034,NIMS-2024-0035,06-Jul-2024,150000,150000,NetBanking,CLEARED,UTR3298232225
REC-2024-5035,NIMS-2024-0036,07-Jul-2024,110000,110000,NetBanking,CLEARED,UTR7343954769
REC-2024-5036,NIMS-2024-0037,08-Jul-2024,60000,60000,NEFT,CLEARED,UTR8584350472
REC-2024-5037,NIMS-2024-0038,09-Jul-2024,85000,85000,UPI,CLEARED,UTR3564111605
REC-2024-5038,NIMS-2024-0039,10-Jul-2024,85000,85000,NEFT,CLEARED,UTR7649520759
REC-2024-5039,NIMS-2024-0040,11-Jul-2024,110000,110000,RTGS,CLEARED,UTR7702529931
REC-2024-5040,NIMS-2024-0041,12-Jul-2024,110000,110000,NetBanking,CLEARED,UTR2073295668
REC-2024-5041,NIMS-2024-0042,13-Jul-2024,60000,60000,NetBanking,CLEARED,UTR8853033552
REC-2024-5042,NIMS-2024-0043,14-Jul-2024,60000,60000,RTGS,CLEARED,UTR2129491690
REC-2024-5043,NIMS-2024-0044,15-Jul-2024,60000,60000,NetBanking,CLEARED,UTR3685741915
REC-2024-5044,NIMS-2024-0045,16-Jul-2024,60000,60000,Demand Draft,CLEARED,UTR8235474949
REC-2024-5045,NIMS-2024-0046,17-Jul-2024,110000,110000,UPI,CLEARED,UTR6449549092
REC-2024-5046,NIMS-2024-0047,18-Jul-2024,60000,60000,RTGS,CLEARED,UTR4665677395
REC-2024-5047,NIMS-2024-0048,19-Jul-2024,110000,110000,RTGS,CLEARED,UTR5881763070
REC-2024-5048,NIMS-2024-0049,20-Jul-2024,60000,60000,NEFT,CLEARED,UTR8030400668
REC-2024-5049,NIMS-2024-0050,21-Jul-2024,150000,150000,Demand Draft,CLEARED,UTR7239587766
REC-2024-5050,NIMS-2024-0051,22-Jul-2024,85000,85000,Demand Draft,CLEARED,UTR3113106808
REC-2024-5051,NIMS-2024-0052,23-Jul-2024,85000,85000,UPI,CLEARED,UTR1083302600
REC-2024-5052,NIMS-2024-0053,24-Jul-2024,150000,150000,NEFT,CLEARED,UTR1095051435
REC-2024-5053,NIMS-2024-0054,25-Jul-2024,150000,150000,NEFT,CLEARED,UTR6506640008
REC-2024-5054,NIMS-2024-0055,26-Jul-2024,85000,85000,RTGS,CLEARED,UTR8366710477
REC-2024-5055,NIMS-2024-0056,27-Jul-2024,110000,110000,NEFT,CLEARED,UTR1999913493
REC-2024-5056,NIMS-2024-0057,28-Jul-2024,110000,110000,RTGS,CLEARED,UTR5358210046
REC-2024-5057,NIMS-2024-0058,29-Jul-2024,110000,110000,RTGS,CLEARED,UTR6763471833
REC-2024-5058,NIMS-2024-0059,30-Jul-2024,110000,110000,UPI,CLEARED,UTR6890105611
REC-2024-5059,NIMS-2024-0060,01-Jun-2024,60000,60000,NEFT,CLEARED,UTR2418407139
REC-2024-5060,NIMS-2024-0061,02-Jun-2024,150000,150000,RTGS,CLEARED,UTR5535650160
REC-2024-5061,NIMS-2024-0062,03-Jun-2024,85000,85000,NetBanking,CLEARED,UTR9896529524
REC-2024-5062,NIMS-2024-0064,05-Jun-2024,110000,110000,NetBanking,CLEARED,UTR1779982123
REC-2024-5063,NIMS-2024-0065,06-Jun-2024,85000,85000,UPI,CLEARED,UTR8805032417
REC-2024-5064,NIMS-2024-0066,07-Jun-2024,110000,110000,NEFT,CLEARED,UTR6364252503
REC-2024-5065,NIMS-2024-0067,08-Jun-2024,150000,150000,NetBanking,CLEARED,UTR5271497065
REC-2024-5066,NIMS-2024-0068,09-Jun-2024,150000,150000,RTGS,CLEARED,UTR4311402472
REC-2024-5067,NIMS-2024-0069,10-Jun-2024,150000,150000,Demand Draft,CLEARED,UTR6190240924
REC-2024-5068,NIMS-2024-0070,11-Jun-2024,60000,60000,NetBanking,CLEARED,UTR2387545832
REC-2024-5069,NIMS-2024-0071,12-Jun-2024,135000,150000,Demand Draft,PARTIAL_BALANCE,UTR3237361243
REC-2024-5070,NIMS-2024-0072,13-Jun-2024,150000,150000,UPI,CLEARED,UTR2283392443
REC-2024-5071,NIMS-2024-0073,14-Jun-2024,110000,110000,UPI,CLEARED,UTR4811867564
REC-2024-5072,NIMS-2024-0074,15-Jun-2024,85000,85000,RTGS,CLEARED,UTR5180180262
REC-2024-5073,NIMS-2024-0075,16-Jun-2024,150000,150000,RTGS,CLEARED,UTR8013290620
REC-2024-5074,NIMS-2024-0076,17-Jun-2024,150000,150000,UPI,CLEARED,UTR1064715310
REC-2024-5075,NIMS-2024-0077,18-Jun-2024,150000,150000,UPI,CLEARED,UTR3511253899
REC-2024-5076,NIMS-2024-0078,19-Jun-2024,150000,150000,NetBanking,CLEARED,UTR4389346722
REC-2024-5077,NIMS-2024-0079,20-Jun-2024,110000,110000,NEFT,CLEARED,UTR5161114352
REC-2024-5078,NIMS-2024-0080,21-Jun-2024,150000,150000,Demand Draft,CLEARED,UTR3560712271
REC-2024-5079,NIMS-2024-0081,22-Jun-2024,85000,85000,UPI,CLEARED,UTR4310547909
REC-2024-5080,NIMS-2024-0082,23-Jun-2024,85000,85000,RTGS,CLEARED,UTR5972277002
REC-2024-5081,NIMS-2024-0083,24-Jun-2024,110000,110000,NEFT,CLEARED,UTR1257922823
REC-2024-5082,NIMS-2024-0084,25-Jun-2024,60000,60000,UPI,CLEARED,UTR3768428107
REC-2024-5083,NIMS-2024-0085,26-Jun-2024,85000,85000,Demand Draft,CLEARED,UTR4399321649
REC-2024-5084,NIMS-2024-0086,27-Jun-2024,150000,150000,RTGS,CLEARED,UTR3095269219
REC-2024-5085,NIMS-2024-0087,28-Jun-2024,60000,60000,UPI,CLEARED,UTR8544958420
REC-2024-5086,NIMS-2024-0088,29-Jun-2024,60000,60000,NetBanking,CLEARED,UTR4149022054
REC-2024-5087,NIMS-2024-0089,30-Jun-2024,60000,60000,NEFT,CLEARED,UTR8255273416
REC-2024-5088,NIMS-2024-0090,01-Jul-2024,60000,60000,UPI,CLEARED,UTR4111270714
REC-2024-5089,NIMS-2024-0091,02-Jul-2024,85000,85000,UPI,CLEARED,UTR4859728403
REC-2024-5090,NIMS-2024-0092,03-Jul-2024,150000,150000,NetBanking,CLEARED,UTR8329902778
REC-2024-5091,NIMS-2024-0093,04-Jul-2024,110000,110000,Demand Draft,CLEARED,UTR8288721755
REC-2024-5092,NIMS-2024-0094,05-Jul-2024,150000,150000,RTGS,CLEARED,UTR3433965438
REC-2024-5093,NIMS-2024-0095,06-Jul-2024,110000,110000,Demand Draft,CLEARED,UTR6788175717
REC-2024-5094,NIMS-2024-0096,07-Jul-2024,85000,85000,NetBanking,CLEARED,UTR3381646593
REC-2024-5095,NIMS-2024-0097,08-Jul-2024,150000,150000,NEFT,CLEARED,UTR3281217890
REC-2024-5096,NIMS-2024-0098,09-Jul-2024,150000,150000,NetBanking,CLEARED,UTR6871704354
REC-2024-5097,NIMS-2024-0099,10-Jul-2024,150000,150000,NEFT,CLEARED,UTR7468039211
REC-2024-5098,NIMS-2024-0100,11-Jul-2024,110000,110000,RTGS,CLEARED,UTR4792165664
REC-2024-5099,NIMS-2024-0101,12-Jul-2024,85000,85000,Demand Draft,CLEARED,UTR8975021081
REC-2024-5100,NIMS-2024-0102,13-Jul-2024,110000,110000,Demand Draft,CLEARED,UTR6320547759
REC-2024-5101,NIMS-2024-0103,14-Jul-2024,110000,110000,NEFT,CLEARED,UTR2664260498
REC-2024-5102,NIMS-2024-0104,15-Jul-2024,60000,60000,Demand Draft,CLEARED,UTR8229392805
REC-2024-5103,NIMS-2024-0105,16-Jul-2024,110000,110000,Demand Draft,CLEARED,UTR6510997463
REC-2024-5104,NIMS-2024-0106,17-Jul-2024,150000,150000,NetBanking,CLEARED,UTR8047628706
REC-2024-5105,NIMS-2024-0107,18-Jul-2024,110000,110000,NEFT,CLEARED,UTR3829915449
REC-2024-5106,NIMS-2024-0108,19-Jul-2024,150000,150000,NEFT,CLEARED,UTR1557376230
REC-2024-5107,NIMS-2024-0109,20-Jul-2024,60000,60000,NEFT,CLEARED,UTR1867922818
REC-2024-5108,NIMS-2024-0110,21-Jul-2024,85000,85000,NetBanking,CLEARED,UTR1822987217
REC-2024-5109,NIMS-2024-0111,22-Jul-2024,150000,150000,NEFT,CLEARED,UTR8886846400
REC-2024-5110,NIMS-2024-0112,23-Jul-2024,60000,60000,NetBanking,CLEARED,UTR2099247629
REC-2024-5111,NIMS-2024-0113,24-Jul-2024,85000,85000,UPI,CLEARED,UTR4083121646
REC-2024-5112,NIMS-2024-0114,25-Jul-2024,110000,110000,NEFT,CLEARED,UTR5638379165
REC-2024-5113,NIMS-2024-0115,26-Jul-2024,110000,110000,NEFT,CLEARED,UTR9119337640
REC-2024-5114,NIMS-2024-0116,27-Jul-2024,60000,60000,UPI,CLEARED,UTR7944675764
REC-2024-5115,NIMS-2024-0117,28-Jul-2024,85000,85000,Demand Draft,CLEARED,UTR9764538552
REC-2024-5116,NIMS-2024-0118,29-Jul-2024,85000,85000,NEFT,CLEARED,UTR8878930685
REC-2024-5117,NIMS-2024-0119,30-Jul-2024,150000,150000,NEFT,CLEARED,UTR5057041081
REC-2024-5118,NIMS-2024-0120,01-Jun-2024,110000,110000,Demand Draft,CLEARED,UTR1417124022
REC-2024-5119,NIMS-2024-0121,02-Jun-2024,150000,150000,RTGS,CLEARED,UTR7578434127
REC-2024-5120,NIMS-2024-0122,03-Jun-2024,110000,110000,RTGS,CLEARED,UTR3821263164
REC-2024-5121,NIMS-2024-0123,04-Jun-2024,150000,150000,Demand Draft,CLEARED,UTR8152161448
REC-2024-5122,NIMS-2024-0124,05-Jun-2024,150000,150000,NEFT,CLEARED,UTR6891490448
REC-2024-5123,NIMS-2024-0125,06-Jun-2024,150000,150000,NetBanking,CLEARED,UTR3343446878
REC-2024-5124,NIMS-2024-0126,07-Jun-2024,60000,60000,NetBanking,CLEARED,UTR6386271785
REC-2024-5125,NIMS-2024-0128,09-Jun-2024,150000,150000,NetBanking,CLEARED,UTR2705490992
REC-2024-5126,NIMS-2024-0129,10-Jun-2024,85000,85000,NEFT,CLEARED,UTR9516733215
REC-2024-5127,NIMS-2024-0130,11-Jun-2024,60000,60000,Demand Draft,CLEARED,UTR9659953069
REC-2024-5128,NIMS-2024-0131,12-Jun-2024,150000,150000,RTGS,CLEARED,UTR2296400037
REC-2024-5129,NIMS-2024-0132,13-Jun-2024,85000,85000,UPI,CLEARED,UTR5227941857
REC-2024-5130,NIMS-2024-0133,14-Jun-2024,110000,110000,RTGS,CLEARED,UTR8970258559
REC-2024-5131,NIMS-2024-0134,15-Jun-2024,70000,85000,UPI,PARTIAL_BALANCE,UTR3455054143
REC-2024-5132,NIMS-2024-0135,16-Jun-2024,150000,150000,NEFT,CLEARED,UTR5457043482
REC-2024-5133,NIMS-2024-0136,17-Jun-2024,110000,110000,UPI,CLEARED,UTR1670474924
REC-2024-5134,NIMS-2024-0137,18-Jun-2024,150000,150000,UPI,CLEARED,UTR3500339713
REC-2024-5135,NIMS-2024-0138,19-Jun-2024,85000,85000,RTGS,CLEARED,UTR2289789131
REC-2024-5136,NIMS-2024-0139,20-Jun-2024,150000,150000,Demand Draft,CLEARED,UTR4942272347
REC-2024-5137,NIMS-2024-0140,21-Jun-2024,110000,110000,NEFT,CLEARED,UTR8402722005
REC-2024-5138,NIMS-2024-0141,22-Jun-2024,85000,85000,NetBanking,CLEARED,UTR6037577831
REC-2024-5139,NIMS-2024-0142,23-Jun-2024,150000,150000,Demand Draft,CLEARED,UTR9999520085
REC-2024-5140,NIMS-2024-0143,24-Jun-2024,110000,110000,UPI,CLEARED,UTR9750444358
REC-2024-5141,NIMS-2024-0144,25-Jun-2024,110000,110000,Demand Draft,CLEARED,UTR2638728074
REC-2024-5142,NIMS-2024-0145,26-Jun-2024,110000,110000,NEFT,CLEARED,UTR6731159892
REC-2024-5143,NIMS-2024-0146,27-Jun-2024,110000,110000,NetBanking,CLEARED,UTR4727306207
REC-2024-5144,NIMS-2024-0147,28-Jun-2024,110000,110000,RTGS,CLEARED,UTR4988535000
REC-2024-5145,NIMS-2024-0148,29-Jun-2024,110000,110000,NetBanking,CLEARED,UTR5527445083
REC-2024-5146,NIMS-2024-0149,30-Jun-2024,85000,85000,Demand Draft,CLEARED,UTR5471843732
REC-2024-5147,NIMS-2024-0150,01-Jul-2024,85000,85000,Demand Draft,CLEARED,UTR3426282426
REC-2024-5148,NIMS-2024-0151,02-Jul-2024,85000,85000,UPI,CLEARED,UTR1948316671
REC-2024-5149,NIMS-2024-0152,03-Jul-2024,150000,150000,NEFT,CLEARED,UTR9578627236
REC-2024-5150,NIMS-2024-0153,04-Jul-2024,85000,85000,NetBanking,CLEARED,UTR1386903346
REC-2024-5151,NIMS-2024-0154,05-Jul-2024,110000,110000,NetBanking,CLEARED,UTR2693601838
REC-2024-5152,NIMS-2024-0155,06-Jul-2024,110000,110000,RTGS,CLEARED,UTR2443831341
REC-2024-5153,NIMS-2024-0156,07-Jul-2024,85000,85000,NetBanking,CLEARED,UTR9801724134
REC-2024-5154,NIMS-2024-0157,08-Jul-2024,85000,85000,NetBanking,CLEARED,UTR2127677925
REC-2024-5155,NIMS-2024-0158,09-Jul-2024,85000,85000,NetBanking,CLEARED,UTR7450281157
REC-2024-5156,NIMS-2024-0159,10-Jul-2024,85000,85000,RTGS,CLEARED,UTR4272906474
REC-2024-5157,NIMS-2024-0160,11-Jul-2024,110000,110000,NetBanking,CLEARED,UTR3402158803
REC-2024-5158,NIMS-2024-0161,12-Jul-2024,110000,110000,NetBanking,CLEARED,UTR3453846612
REC-2024-5159,NIMS-2024-0162,13-Jul-2024,60000,60000,Demand Draft,CLEARED,UTR2057617830
REC-2024-5160,NIMS-2024-0163,14-Jul-2024,60000,60000,NEFT,CLEARED,UTR7142085555
REC-2024-5161,NIMS-2024-0164,15-Jul-2024,85000,85000,Demand Draft,CLEARED,UTR1384806111
REC-2024-5162,NIMS-2024-0165,16-Jul-2024,85000,85000,NetBanking,CLEARED,UTR7114060331
REC-2024-5163,NIMS-2024-0166,17-Jul-2024,60000,60000,UPI,CLEARED,UTR6113114506
REC-2024-5164,NIMS-2024-0167,18-Jul-2024,110000,110000,UPI,CLEARED,UTR2309186996
REC-2024-5165,NIMS-2024-0168,19-Jul-2024,150000,150000,UPI,CLEARED,UTR5921252890
REC-2024-5166,NIMS-2024-0169,20-Jul-2024,60000,60000,NEFT,CLEARED,UTR2002830207
REC-2024-5167,NIMS-2024-0170,21-Jul-2024,150000,150000,UPI,CLEARED,UTR1368570209
REC-2024-5168,NIMS-2024-0171,22-Jul-2024,110000,110000,NEFT,CLEARED,UTR2235598059
REC-2024-5169,NIMS-2024-0172,23-Jul-2024,150000,150000,UPI,CLEARED,UTR5772902637
REC-2024-5170,NIMS-2024-0173,24-Jul-2024,60000,60000,NetBanking,CLEARED,UTR3023746966
REC-2024-5171,NIMS-2024-0174,25-Jul-2024,150000,150000,UPI,CLEARED,UTR3310715848
REC-2024-5172,NIMS-2024-0175,26-Jul-2024,150000,150000,RTGS,CLEARED,UTR8517718126
REC-2024-5173,NIMS-2024-0176,27-Jul-2024,60000,60000,Demand Draft,CLEARED,UTR5373945362
REC-2024-5174,NIMS-2024-0177,28-Jul-2024,60000,60000,Demand Draft,CLEARED,UTR3262584884
REC-2024-5175,NIMS-2024-0178,29-Jul-2024,110000,110000,UPI,CLEARED,UTR1731517326
REC-2024-5176,NIMS-2024-0179,30-Jul-2024,85000,85000,UPI,CLEARED,UTR2165144965
REC-2024-5177,NIMS-2024-0180,01-Jun-2024,60000,60000,NetBanking,CLEARED,UTR1035795037
REC-2024-5178,NIMS-2024-0181,02-Jun-2024,110000,110000,NetBanking,CLEARED,UTR8131247005
REC-2024-5179,NIMS-2024-0182,03-Jun-2024,60000,60000,UPI,CLEARED,UTR4712064103
REC-2024-5180,NIMS-2024-0183,04-Jun-2024,60000,60000,NEFT,CLEARED,UTR2660104622
REC-2024-5181,NIMS-2024-0184,05-Jun-2024,110000,110000,NetBanking,CLEARED,UTR4048090198
REC-2024-5182,NIMS-2024-0185,06-Jun-2024,60000,60000,UPI,CLEARED,UTR1378045890
REC-2024-5183,NIMS-2024-0186,07-Jun-2024,150000,150000,RTGS,CLEARED,UTR1092292243
REC-2024-5184,NIMS-2024-0187,08-Jun-2024,85000,85000,RTGS,CLEARED,UTR6604621025
REC-2024-5185,NIMS-2024-0188,09-Jun-2024,150000,150000,NetBanking,CLEARED,UTR1674332429
REC-2024-5186,NIMS-2024-0189,10-Jun-2024,60000,60000,UPI,CLEARED,UTR8234062195
REC-2024-5187,NIMS-2024-0190,11-Jun-2024,110000,110000,UPI,CLEARED,UTR7980313867
REC-2024-5188,NIMS-2024-0191,12-Jun-2024,150000,150000,RTGS,CLEARED,UTR9856264217
REC-2024-5189,NIMS-2024-0192,13-Jun-2024,60000,60000,UPI,CLEARED,UTR9068857465
REC-2024-5190,NIMS-2024-0193,14-Jun-2024,150000,150000,NEFT,CLEARED,UTR9371391276
REC-2024-5191,NIMS-2024-0194,15-Jun-2024,85000,85000,RTGS,CLEARED,UTR5946548987
REC-2024-5192,NIMS-2024-0195,16-Jun-2024,60000,60000,NetBanking,CLEARED,UTR3821500440
REC-2024-5193,NIMS-2024-0196,17-Jun-2024,150000,150000,NEFT,CLEARED,UTR8429819540
REC-2024-5194,NIMS-2024-0197,18-Jun-2024,60000,60000,Demand Draft,CLEARED,UTR6271763012
REC-2024-5195,NIMS-2024-0198,19-Jun-2024,85000,85000,RTGS,CLEARED,UTR3460580557
REC-2024-5196,NIMS-2024-0199,20-Jun-2024,60000,60000,NetBanking,CLEARED,UTR9463392724
REC-2024-5197,NIMS-2024-0200,21-Jun-2024,110000,110000,Demand Draft,CLEARED,UTR6709234482
REC-2024-5198,NIMS-2024-0201,22-Jun-2024,110000,110000,Demand Draft,CLEARED,UTR1565956995
REC-2024-5199,NIMS-2024-0202,23-Jun-2024,150000,150000,RTGS,CLEARED,UTR5888143707
REC-2024-5200,NIMS-2024-0203,24-Jun-2024,150000,150000,Demand Draft,CLEARED,UTR4906542112
REC-2024-5201,NIMS-2024-0204,25-Jun-2024,110000,110000,NetBanking,CLEARED,UTR4938966574
REC-2024-5202,NIMS-2024-0205,26-Jun-2024,60000,60000,UPI,CLEARED,UTR9881193677
REC-2024-5203,NIMS-2024-0206,27-Jun-2024,150000,150000,Demand Draft,CLEARED,UTR1508469555
REC-2024-5204,NIMS-2024-0207,28-Jun-2024,110000,110000,UPI,CLEARED,UTR9473523940
REC-2024-5205,NIMS-2024-0208,29-Jun-2024,110000,110000,NetBanking,CLEARED,UTR6597837495
REC-2024-5206,NIMS-2024-0209,30-Jun-2024,85000,85000,UPI,CLEARED,UTR1807168703
REC-2024-5207,NIMS-2024-0210,01-Jul-2024,150000,150000,RTGS,CLEARED,UTR1793480168
REC-2024-5208,NIMS-2024-0211,02-Jul-2024,110000,110000,Demand Draft,CLEARED,UTR7944732371
REC-2024-5209,NIMS-2024-0212,03-Jul-2024,60000,60000,Demand Draft,CLEARED,UTR1997216402
REC-2024-5210,NIMS-2024-0213,04-Jul-2024,85000,85000,NEFT,CLEARED,UTR2543015709
REC-2024-5211,NIMS-2024-0214,05-Jul-2024,60000,60000,NetBanking,CLEARED,UTR8084842984
REC-2024-5212,NIMS-2024-0215,06-Jul-2024,85000,85000,RTGS,CLEARED,UTR8954835349
REC-2024-5213,NIMS-2024-0216,07-Jul-2024,85000,85000,NetBanking,CLEARED,UTR3035157048
REC-2024-5214,NIMS-2024-0217,08-Jul-2024,110000,110000,RTGS,CLEARED,UTR1830044665
REC-2024-5215,NIMS-2024-0218,09-Jul-2024,150000,150000,NEFT,CLEARED,UTR5161029102
REC-2024-5216,NIMS-2024-0219,10-Jul-2024,85000,110000,NetBanking,PARTIAL_BALANCE,UTR1878587567
REC-2024-5217,NIMS-2024-0220,11-Jul-2024,110000,110000,RTGS,CLEARED,UTR9528205772
REC-2024-5218,NIMS-2024-0221,12-Jul-2024,150000,150000,Demand Draft,CLEARED,UTR6354895816
REC-2024-5219,NIMS-2024-0222,13-Jul-2024,60000,60000,NetBanking,CLEARED,UTR4333816842
REC-2024-5220,NIMS-2024-0223,14-Jul-2024,110000,110000,Demand Draft,CLEARED,UTR6638851791
REC-2024-5221,NIMS-2024-0224,15-Jul-2024,85000,85000,Demand Draft,CLEARED,UTR9755342261
REC-2024-5222,NIMS-2024-0225,16-Jul-2024,60000,60000,NEFT,CLEARED,UTR7234615717
REC-2024-5223,NIMS-2024-0226,17-Jul-2024,60000,60000,NEFT,CLEARED,UTR7605097681
REC-2024-5224,NIMS-2024-0227,18-Jul-2024,150000,150000,NEFT,CLEARED,UTR7690274631
REC-2024-5225,NIMS-2024-0228,19-Jul-2024,85000,85000,Demand Draft,CLEARED,UTR5134302513
REC-2024-5226,NIMS-2024-0229,20-Jul-2024,85000,85000,RTGS,CLEARED,UTR6545573143
REC-2024-5227,NIMS-2024-0230,21-Jul-2024,60000,60000,NetBanking,CLEARED,UTR9093425963
REC-2024-5228,NIMS-2024-0231,22-Jul-2024,60000,60000,UPI,CLEARED,UTR2981470996
REC-2024-5229,NIMS-2024-0232,23-Jul-2024,110000,110000,NetBanking,CLEARED,UTR4947215928
REC-2024-5230,NIMS-2024-0233,24-Jul-2024,110000,110000,Demand Draft,CLEARED,UTR4881257367
REC-2024-5231,NIMS-2024-0234,25-Jul-2024,85000,85000,NetBanking,CLEARED,UTR2940028539
REC-2024-5232,NIMS-2024-0235,26-Jul-2024,60000,60000,Demand Draft,CLEARED,UTR1486068287
REC-2024-5233,NIMS-2024-0236,27-Jul-2024,150000,150000,Demand Draft,CLEARED,UTR5876105046
REC-2024-5234,NIMS-2024-0237,28-Jul-2024,60000,60000,NetBanking,CLEARED,UTR6684221411
REC-2024-5235,NIMS-2024-0238,29-Jul-2024,150000,150000,NEFT,CLEARED,UTR6063244930
REC-2024-5236,NIMS-2024-0239,30-Jul-2024,110000,110000,Demand Draft,CLEARED,UTR4847409832
REC-2024-5237,NIMS-2024-0240,01-Jun-2024,110000,110000,NetBanking,CLEARED,UTR5682286001
REC-2024-5238,NIMS-2024-0241,02-Jun-2024,150000,150000,UPI,CLEARED,UTR4420882289
REC-2024-5239,NIMS-2024-0242,03-Jun-2024,60000,60000,NEFT,CLEARED,UTR1391663395
REC-2024-5240,NIMS-2024-0243,04-Jun-2024,150000,150000,NetBanking,CLEARED,UTR8018287603
REC-2024-5241,NIMS-2024-0244,05-Jun-2024,150000,150000,NEFT,CLEARED,UTR5079161918
REC-2024-5242,NIMS-2024-0245,06-Jun-2024,150000,150000,NetBanking,CLEARED,UTR7658684887
REC-2024-5243,NIMS-2024-0246,07-Jun-2024,110000,110000,NEFT,CLEARED,UTR4299652989
REC-2024-5244,NIMS-2024-0247,08-Jun-2024,150000,150000,UPI,CLEARED,UTR1644630523
REC-2024-5245,NIMS-2024-0249,10-Jun-2024,150000,150000,RTGS,CLEARED,UTR4058220682
REC-2024-5246,NIMS-2024-0250,11-Jun-2024,85000,85000,NetBanking,CLEARED,UTR6618084394
REC-2024-5247,NIMS-2024-0251,12-Jun-2024,110000,110000,NetBanking,CLEARED,UTR1776083520
REC-2024-5248,NIMS-2024-0252,13-Jun-2024,85000,85000,RTGS,CLEARED,UTR5125032122
REC-2024-5249,NIMS-2024-0253,14-Jun-2024,85000,85000,NEFT,CLEARED,UTR2087103368
REC-2024-5250,NIMS-2024-0254,15-Jun-2024,60000,60000,NetBanking,CLEARED,UTR4467990956
REC-2024-5251,NIMS-2024-0255,16-Jun-2024,150000,150000,Demand Draft,CLEARED,UTR9086147474
REC-2024-5252,NIMS-2024-0256,17-Jun-2024,150000,150000,RTGS,CLEARED,UTR8127372046
REC-2024-5253,NIMS-2024-0257,18-Jun-2024,60000,60000,NetBanking,CLEARED,UTR7056554007
REC-2024-5254,NIMS-2024-0258,19-Jun-2024,110000,110000,NEFT,CLEARED,UTR1028230917
REC-2024-5255,NIMS-2024-0259,20-Jun-2024,85000,85000,Demand Draft,CLEARED,UTR1891796718
REC-2024-5256,NIMS-2024-0260,21-Jun-2024,85000,85000,RTGS,CLEARED,UTR1636755414
REC-2024-5257,NIMS-2024-0261,22-Jun-2024,60000,60000,UPI,CLEARED,UTR1157715720
REC-2024-5258,NIMS-2024-0262,23-Jun-2024,60000,60000,NEFT,CLEARED,UTR6576763981
REC-2024-5259,NIMS-2024-0263,24-Jun-2024,150000,150000,NEFT,CLEARED,UTR1210588114
REC-2024-5260,NIMS-2024-0264,25-Jun-2024,150000,150000,NetBanking,CLEARED,UTR5268060108
REC-2024-5261,NIMS-2024-0265,26-Jun-2024,110000,110000,RTGS,CLEARED,UTR8181574001
REC-2024-5262,NIMS-2024-0266,27-Jun-2024,110000,110000,Demand Draft,CLEARED,UTR3414532686
REC-2024-5263,NIMS-2024-0267,28-Jun-2024,85000,85000,NetBanking,CLEARED,UTR1153931824
REC-2024-5264,NIMS-2024-0268,29-Jun-2024,85000,85000,UPI,CLEARED,UTR6681476601
REC-2024-5265,NIMS-2024-0269,30-Jun-2024,150000,150000,NetBanking,CLEARED,UTR4523010269
REC-2024-5266,NIMS-2024-0270,01-Jul-2024,60000,60000,NetBanking,CLEARED,UTR5573821760
REC-2024-5267,NIMS-2024-0271,02-Jul-2024,60000,60000,NetBanking,CLEARED,UTR1577869770
REC-2024-5268,NIMS-2024-0272,03-Jul-2024,60000,60000,UPI,CLEARED,UTR1249900899
REC-2024-5269,NIMS-2024-0273,04-Jul-2024,60000,60000,Demand Draft,CLEARED,UTR5239945630
REC-2024-5270,NIMS-2024-0274,05-Jul-2024,60000,60000,NetBanking,CLEARED,UTR8330674428
REC-2024-5271,NIMS-2024-0275,06-Jul-2024,85000,85000,NetBanking,CLEARED,UTR6654275321
REC-2024-5272,NIMS-2024-0276,07-Jul-2024,85000,85000,Demand Draft,CLEARED,UTR7971780517
REC-2024-5273,NIMS-2024-0277,08-Jul-2024,60000,60000,RTGS,CLEARED,UTR7432749100
REC-2024-5274,NIMS-2024-0278,09-Jul-2024,85000,85000,RTGS,CLEARED,UTR1831314297
REC-2024-5275,NIMS-2024-0279,10-Jul-2024,85000,85000,NEFT,CLEARED,UTR5397989823
REC-2024-5276,NIMS-2024-0280,11-Jul-2024,110000,110000,NEFT,CLEARED,UTR7075798574
REC-2024-5277,NIMS-2024-0281,12-Jul-2024,110000,110000,NEFT,CLEARED,UTR6728594127
REC-2024-5278,NIMS-2024-0282,13-Jul-2024,60000,60000,Demand Draft,CLEARED,UTR1911984483
REC-2024-5279,NIMS-2024-0283,14-Jul-2024,60000,60000,RTGS,CLEARED,UTR8258568023
REC-2024-5280,NIMS-2024-0284,15-Jul-2024,150000,150000,UPI,CLEARED,UTR4393863868
REC-2024-5281,NIMS-2024-0285,16-Jul-2024,60000,60000,UPI,CLEARED,UTR7657171838
REC-2024-5282,NIMS-2024-0286,17-Jul-2024,110000,110000,NEFT,CLEARED,UTR6726406418
REC-2024-5283,NIMS-2024-0287,18-Jul-2024,110000,110000,NetBanking,CLEARED,UTR1754321211
REC-2024-5284,NIMS-2024-0288,19-Jul-2024,85000,85000,UPI,CLEARED,UTR8876219703
REC-2024-5285,NIMS-2024-0289,20-Jul-2024,150000,150000,NetBanking,CLEARED,UTR9229857657
REC-2024-5286,NIMS-2024-0290,21-Jul-2024,150000,150000,NEFT,CLEARED,UTR3773055184
REC-2024-5287,NIMS-2024-0291,22-Jul-2024,110000,110000,NetBanking,CLEARED,UTR9142951341
REC-2024-5288,NIMS-2024-0292,23-Jul-2024,110000,110000,NetBanking,CLEARED,UTR4189376783
REC-2024-5289,NIMS-2024-0293,24-Jul-2024,85000,85000,Demand Draft,CLEARED,UTR3301610601
REC-2024-5290,NIMS-2024-0294,25-Jul-2024,60000,60000,RTGS,CLEARED,UTR8712828384
REC-2024-5291,NIMS-2024-0295,26-Jul-2024,135000,150000,RTGS,PARTIAL_BALANCE,UTR5428855031
REC-2024-5292,NIMS-2024-0296,27-Jul-2024,85000,85000,NetBanking,CLEARED,UTR4618105265
REC-2024-5293,NIMS-2024-0297,28-Jul-2024,150000,150000,Demand Draft,CLEARED,UTR7896382125
REC-2024-5294,NIMS-2024-0298,29-Jul-2024,60000,60000,RTGS,CLEARED,UTR3556329609
REC-2024-5295,NIMS-2024-0299,30-Jul-2024,110000,110000,UPI,CLEARED,UTR5430809445
REC-2024-5296,NIMS-2024-0300,01-Jun-2024,85000,85000,NetBanking,CLEARED,UTR5667760951
REC-2024-5297,NIMS-2024-0301,02-Jun-2024,150000,150000,RTGS,CLEARED,UTR6890906602
REC-2024-5298,NIMS-2024-0302,03-Jun-2024,85000,85000,UPI,CLEARED,UTR2298447203
REC-2024-5299,NIMS-2024-0303,04-Jun-2024,85000,85000,NEFT,CLEARED,UTR5692698971
REC-2024-5300,NIMS-2024-0304,05-Jun-2024,110000,110000,Demand Draft,CLEARED,UTR3147716902
REC-2024-5301,NIMS-2024-0305,06-Jun-2024,85000,85000,RTGS,CLEARED,UTR2405905813
REC-2024-5302,NIMS-2024-0306,07-Jun-2024,110000,110000,NEFT,CLEARED,UTR1570015858
REC-2024-5303,NIMS-2024-0307,08-Jun-2024,150000,150000,NEFT,CLEARED,UTR7267939594
REC-2024-5304,NIMS-2024-0308,09-Jun-2024,85000,85000,Demand Draft,CLEARED,UTR1497511785
REC-2024-5305,NIMS-2024-0309,10-Jun-2024,60000,60000,UPI,CLEARED,UTR5004358412
REC-2024-5306,NIMS-2024-0310,11-Jun-2024,85000,85000,Demand Draft,CLEARED,UTR4744675014
REC-2024-5307,NIMS-2024-0311,12-Jun-2024,60000,60000,UPI,CLEARED,UTR1198168828
REC-2024-5308,NIMS-2024-0312,13-Jun-2024,150000,150000,Demand Draft,CLEARED,UTR8497100471
REC-2024-5309,NIMS-2024-0313,14-Jun-2024,150000,150000,NEFT,CLEARED,UTR4831693156
REC-2024-5310,NIMS-2024-0314,15-Jun-2024,110000,110000,UPI,CLEARED,UTR1861379367
REC-2024-5311,NIMS-2024-0315,16-Jun-2024,110000,110000,UPI,CLEARED,UTR5800273809
REC-2024-5312,NIMS-2024-0316,17-Jun-2024,150000,150000,RTGS,CLEARED,UTR5971407550
REC-2024-5313,NIMS-2024-0317,18-Jun-2024,85000,85000,NEFT,CLEARED,UTR3207873733
REC-2024-5314,NIMS-2024-0318,19-Jun-2024,60000,60000,RTGS,CLEARED,UTR7625110398
REC-2024-5315,NIMS-2024-0319,20-Jun-2024,85000,85000,Demand Draft,CLEARED,UTR6662849574
REC-2024-5316,NIMS-2024-0320,21-Jun-2024,60000,60000,RTGS,CLEARED,UTR8748133196
REC-2024-5317,NIMS-2024-0321,22-Jun-2024,60000,60000,Demand Draft,CLEARED,UTR2051515688
REC-2024-5318,NIMS-2024-0322,23-Jun-2024,85000,85000,NEFT,CLEARED,UTR9127122242
REC-2024-5319,NIMS-2024-0323,24-Jun-2024,60000,60000,Demand Draft,CLEARED,UTR2905452099
REC-2024-5320,NIMS-2024-0324,25-Jun-2024,110000,110000,RTGS,CLEARED,UTR5419489933
REC-2024-5321,NIMS-2024-0325,26-Jun-2024,110000,110000,NEFT,CLEARED,UTR5749919939
REC-2024-5322,NIMS-2024-0326,27-Jun-2024,60000,60000,NEFT,CLEARED,UTR5664848084
REC-2024-5323,NIMS-2024-0327,28-Jun-2024,85000,85000,NetBanking,CLEARED,UTR8298719245
REC-2024-5324,NIMS-2024-0328,29-Jun-2024,110000,110000,Demand Draft,CLEARED,UTR6822362090
REC-2024-5325,NIMS-2024-0329,30-Jun-2024,150000,150000,UPI,CLEARED,UTR4510886562
REC-2024-5326,NIMS-2024-0330,01-Jul-2024,110000,110000,Demand Draft,CLEARED,UTR8578161787
REC-2024-5327,NIMS-2024-0331,02-Jul-2024,60000,60000,Demand Draft,CLEARED,UTR1566056427
REC-2024-5328,NIMS-2024-0332,03-Jul-2024,110000,110000,NetBanking,CLEARED,UTR5712708693
REC-2024-5329,NIMS-2024-0333,04-Jul-2024,85000,85000,UPI,CLEARED,UTR7293830307
REC-2024-5330,NIMS-2024-0334,05-Jul-2024,110000,110000,RTGS,CLEARED,UTR5069259334
REC-2024-5331,NIMS-2024-0335,06-Jul-2024,110000,110000,RTGS,CLEARED,UTR7944713401
REC-2024-5332,NIMS-2024-0336,07-Jul-2024,85000,85000,UPI,CLEARED,UTR2683957564
REC-2024-5333,NIMS-2024-0337,08-Jul-2024,85000,85000,UPI,CLEARED,UTR9084863137
REC-2024-5334,NIMS-2024-0338,09-Jul-2024,85000,85000,NetBanking,CLEARED,UTR3093825472
REC-2024-5335,NIMS-2024-0339,10-Jul-2024,110000,110000,NEFT,CLEARED,UTR3041545544
REC-2024-5336,NIMS-2024-0340,11-Jul-2024,85000,85000,UPI,CLEARED,UTR7350762338
REC-2024-5337,NIMS-2024-0341,12-Jul-2024,60000,60000,RTGS,CLEARED,UTR3468224333
REC-2024-5338,NIMS-2024-0342,13-Jul-2024,85000,85000,Demand Draft,CLEARED,UTR5737057771
REC-2024-5339,NIMS-2024-0343,14-Jul-2024,150000,150000,NEFT,CLEARED,UTR3789372578
REC-2024-5340,NIMS-2024-0344,15-Jul-2024,110000,110000,UPI,CLEARED,UTR7583092079
REC-2024-5341,NIMS-2024-0345,16-Jul-2024,60000,60000,NetBanking,CLEARED,UTR7831299927
REC-2024-5342,NIMS-2024-0346,17-Jul-2024,110000,110000,RTGS,CLEARED,UTR3666637135
REC-2024-5343,NIMS-2024-0347,18-Jul-2024,85000,85000,Demand Draft,CLEARED,UTR7366750668
REC-2024-5344,NIMS-2024-0348,19-Jul-2024,150000,150000,NEFT,CLEARED,UTR2463356163
REC-2024-5345,NIMS-2024-0349,20-Jul-2024,85000,85000,Demand Draft,CLEARED,UTR9504916685
REC-2024-5346,NIMS-2024-0350,21-Jul-2024,60000,60000,Demand Draft,CLEARED,UTR8676510043
REC-2024-5347,NIMS-2024-0351,22-Jul-2024,60000,60000,Demand Draft,CLEARED,UTR3981279224
REC-2024-5348,NIMS-2024-0352,23-Jul-2024,60000,60000,RTGS,CLEARED,UTR9924488511
REC-2024-5349,NIMS-2024-0353,24-Jul-2024,85000,85000,Demand Draft,CLEARED,UTR8888773421
REC-2024-5350,NIMS-2024-0354,25-Jul-2024,150000,150000,NEFT,CLEARED,UTR7283143895
REC-2024-5351,NIMS-2024-0355,26-Jul-2024,150000,150000,Demand Draft,CLEARED,UTR2912189154
REC-2024-5352,NIMS-2024-0356,27-Jul-2024,110000,110000,UPI,CLEARED,UTR9400455428
REC-2024-5353,NIMS-2024-0357,28-Jul-2024,150000,150000,NEFT,CLEARED,UTR3569503643
REC-2024-5354,NIMS-2024-0358,29-Jul-2024,85000,85000,Demand Draft,CLEARED,UTR6922377726
REC-2024-5355,NIMS-2024-0359,30-Jul-2024,150000,150000,NetBanking,CLEARED,UTR1264064129
REC-2024-5356,NIMS-2024-0360,01-Jun-2024,150000,150000,RTGS,CLEARED,UTR4509132563
REC-2024-5357,NIMS-2024-0361,02-Jun-2024,150000,150000,Demand Draft,CLEARED,UTR5935846979
REC-2024-5358,NIMS-2024-0362,03-Jun-2024,60000,60000,Demand Draft,CLEARED,UTR6546964238
REC-2024-5359,NIMS-2024-0363,04-Jun-2024,110000,110000,Demand Draft,CLEARED,UTR7777163837
REC-2024-5360,NIMS-2024-0364,05-Jun-2024,150000,150000,RTGS,CLEARED,UTR9063480483
REC-2024-5361,NIMS-2024-0365,06-Jun-2024,85000,85000,UPI,CLEARED,UTR9973421080
REC-2024-5362,NIMS-2024-0366,07-Jun-2024,150000,150000,NEFT,CLEARED,UTR7487221152
REC-2024-5363,NIMS-2024-0367,08-Jun-2024,150000,150000,RTGS,CLEARED,UTR8956449152
REC-2024-5364,NIMS-2024-0368,09-Jun-2024,150000,150000,NEFT,CLEARED,UTR1228180081
REC-2024-5365,NIMS-2024-0369,10-Jun-2024,110000,110000,Demand Draft,CLEARED,UTR2542943951
REC-2024-5366,NIMS-2024-0370,11-Jun-2024,85000,85000,UPI,CLEARED,UTR4718065741
REC-2024-5367,NIMS-2024-0371,12-Jun-2024,110000,110000,RTGS,CLEARED,UTR7829701852
REC-2024-5368,NIMS-2024-0372,13-Jun-2024,85000,85000,UPI,CLEARED,UTR8352011852
REC-2024-5369,NIMS-2024-0373,14-Jun-2024,60000,60000,NetBanking,CLEARED,UTR6933776673
REC-2024-5370,NIMS-2024-0374,15-Jun-2024,85000,85000,Demand Draft,CLEARED,UTR6039758047
REC-2024-5371,NIMS-2024-0375,16-Jun-2024,150000,150000,RTGS,CLEARED,UTR9265587451
REC-2024-5372,NIMS-2024-0376,17-Jun-2024,110000,110000,NetBanking,CLEARED,UTR5957540284
REC-2024-5373,NIMS-2024-0377,18-Jun-2024,110000,110000,RTGS,CLEARED,UTR1576717254
REC-2024-5374,NIMS-2024-0378,19-Jun-2024,60000,60000,NEFT,CLEARED,UTR3784810609
REC-2024-5375,NIMS-2024-0379,20-Jun-2024,150000,150000,RTGS,CLEARED,UTR5252952412
REC-2024-5376,NIMS-2024-0381,22-Jun-2024,110000,110000,NEFT,CLEARED,UTR8756460189
REC-2024-5377,NIMS-2024-0382,23-Jun-2024,110000,110000,NetBanking,CLEARED,UTR9290622669
REC-2024-5378,NIMS-2024-0383,24-Jun-2024,110000,110000,Demand Draft,CLEARED,UTR6067191149
REC-2024-5379,NIMS-2024-0384,25-Jun-2024,85000,85000,Demand Draft,CLEARED,UTR8817147252
REC-2024-5380,NIMS-2024-0385,26-Jun-2024,150000,150000,NetBanking,CLEARED,UTR2526032931
REC-2024-5381,NIMS-2024-0386,27-Jun-2024,150000,150000,RTGS,CLEARED,UTR9621846170
REC-2024-5382,NIMS-2024-0387,28-Jun-2024,150000,150000,NetBanking,CLEARED,UTR7449876106
REC-2024-5383,NIMS-2024-0388,29-Jun-2024,85000,85000,NetBanking,CLEARED,UTR7770381816
REC-2024-5384,NIMS-2024-0389,30-Jun-2024,150000,150000,NEFT,CLEARED,UTR5201480686
REC-2024-5385,NIMS-2024-0390,01-Jul-2024,60000,60000,Demand Draft,CLEARED,UTR2583033048
REC-2024-5386,NIMS-2024-0391,02-Jul-2024,85000,85000,Demand Draft,CLEARED,UTR3965663196
REC-2024-5387,NIMS-2024-0392,03-Jul-2024,110000,110000,RTGS,CLEARED,UTR6495068652
REC-2024-5388,NIMS-2024-0393,04-Jul-2024,150000,150000,Demand Draft,CLEARED,UTR9925949659
REC-2024-5389,NIMS-2024-0394,05-Jul-2024,150000,150000,Demand Draft,CLEARED,UTR1379874179
REC-2024-5390,NIMS-2024-0395,06-Jul-2024,110000,110000,NetBanking,CLEARED,UTR3872118270
REC-2024-5391,NIMS-2024-0396,07-Jul-2024,150000,150000,Demand Draft,CLEARED,UTR4343748592
REC-2024-5392,NIMS-2024-0397,08-Jul-2024,60000,60000,NetBanking,CLEARED,UTR9186444252
REC-2024-5393,NIMS-2024-0398,09-Jul-2024,85000,85000,Demand Draft,CLEARED,UTR8446676790
REC-2024-5394,NIMS-2024-0399,10-Jul-2024,60000,60000,NetBanking,CLEARED,UTR6560341732
REC-2024-5395,NIMS-2024-0400,11-Jul-2024,150000,150000,RTGS,CLEARED,UTR9741659629
REC-2024-5396,NIMS-2024-0401,12-Jul-2024,60000,60000,Demand Draft,CLEARED,UTR8513724361
REC-2024-5397,NIMS-2024-0402,13-Jul-2024,85000,85000,Demand Draft,CLEARED,UTR2118594780
REC-2024-5398,NIMS-2024-0403,14-Jul-2024,85000,85000,NetBanking,CLEARED,UTR3483097086
REC-2024-5399,NIMS-2024-0404,15-Jul-2024,110000,110000,Demand Draft,CLEARED,UTR9811640292
REC-2024-5400,NIMS-2024-0405,16-Jul-2024,110000,110000,UPI,CLEARED,UTR3681421120
REC-2024-5401,NIMS-2024-0406,17-Jul-2024,85000,85000,UPI,CLEARED,UTR3082029167
REC-2024-5402,NIMS-2024-0407,18-Jul-2024,150000,150000,RTGS,CLEARED,UTR3171518770
REC-2024-5403,NIMS-2024-0408,19-Jul-2024,150000,150000,UPI,CLEARED,UTR2082550715
REC-2024-5404,NIMS-2024-0409,20-Jul-2024,150000,150000,Demand Draft,CLEARED,UTR6501732573
REC-2024-5405,NIMS-2024-0410,21-Jul-2024,60000,60000,UPI,CLEARED,UTR9650936041
REC-2024-5406,NIMS-2024-0411,22-Jul-2024,95000,110000,Demand Draft,PARTIAL_BALANCE,UTR7213328054
REC-2024-5407,NIMS-2024-0412,23-Jul-2024,110000,110000,RTGS,CLEARED,UTR4009805180
REC-2024-5408,NIMS-2024-0413,24-Jul-2024,85000,85000,NetBanking,CLEARED,UTR5437090032
REC-2024-5409,NIMS-2024-0414,25-Jul-2024,110000,110000,NEFT,CLEARED,UTR5154717862
REC-2024-5410,NIMS-2024-0415,26-Jul-2024,110000,110000,Demand Draft,CLEARED,UTR9562384841
REC-2024-5411,NIMS-2024-0416,27-Jul-2024,60000,60000,NetBanking,CLEARED,UTR3738362362
REC-2024-5412,NIMS-2024-0417,28-Jul-2024,85000,85000,RTGS,CLEARED,UTR8910612643
REC-2024-5413,NIMS-2024-0418,29-Jul-2024,150000,150000,NEFT,CLEARED,UTR8053457714
REC-2024-5414,NIMS-2024-0419,30-Jul-2024,60000,60000,NEFT,CLEARED,UTR1225585432
REC-2024-5415,NIMS-2024-0420,01-Jun-2024,85000,85000,NetBanking,CLEARED,UTR7007563175
REC-2024-5416,NIMS-2024-0421,02-Jun-2024,150000,150000,UPI,CLEARED,UTR6298534979
REC-2024-5417,NIMS-2024-0422,03-Jun-2024,85000,85000,NetBanking,CLEARED,UTR7333314020
REC-2024-5418,NIMS-2024-0423,04-Jun-2024,110000,110000,RTGS,CLEARED,UTR2867169740
REC-2024-5419,NIMS-2024-0424,05-Jun-2024,85000,85000,UPI,CLEARED,UTR7222637202
REC-2024-5420,NIMS-2024-0425,06-Jun-2024,85000,85000,UPI,CLEARED,UTR1176169319
REC-2024-5421,NIMS-2024-0426,07-Jun-2024,60000,60000,Demand Draft,CLEARED,UTR8032683189
REC-2024-5422,NIMS-2024-0427,08-Jun-2024,60000,60000,NetBanking,CLEARED,UTR6465734977
REC-2024-5423,NIMS-2024-0428,09-Jun-2024,150000,150000,UPI,CLEARED,UTR5717062885
REC-2024-5424,NIMS-2024-0429,10-Jun-2024,60000,60000,Demand Draft,CLEARED,UTR6974959934
REC-2024-5425,NIMS-2024-0430,11-Jun-2024,60000,60000,RTGS,CLEARED,UTR6067703428
REC-2024-5426,NIMS-2024-0431,12-Jun-2024,60000,60000,Demand Draft,CLEARED,UTR9635366717
REC-2024-5427,NIMS-2024-0432,13-Jun-2024,110000,110000,NEFT,CLEARED,UTR4572079205
REC-2024-5428,NIMS-2024-0433,14-Jun-2024,150000,150000,NEFT,CLEARED,UTR2766300020
REC-2024-5429,NIMS-2024-0434,15-Jun-2024,85000,85000,Demand Draft,CLEARED,UTR7210274473
REC-2024-5430,NIMS-2024-0435,16-Jun-2024,110000,110000,RTGS,CLEARED,UTR8409895157
REC-2024-5431,NIMS-2024-0436,17-Jun-2024,150000,150000,UPI,CLEARED,UTR1829270292
REC-2024-5432,NIMS-2024-0437,18-Jun-2024,85000,85000,NEFT,CLEARED,UTR3660290823
REC-2024-5433,NIMS-2024-0438,19-Jun-2024,60000,60000,NEFT,CLEARED,UTR4588269668
REC-2024-5434,NIMS-2024-0439,20-Jun-2024,110000,110000,Demand Draft,CLEARED,UTR3740545127
REC-2024-5435,NIMS-2024-0440,21-Jun-2024,110000,110000,NEFT,CLEARED,UTR3597105677
REC-2024-5436,NIMS-2024-0441,22-Jun-2024,60000,60000,NetBanking,CLEARED,UTR5153944226
REC-2024-5437,NIMS-2024-0442,23-Jun-2024,85000,85000,NEFT,CLEARED,UTR3987809626
REC-2024-5438,NIMS-2024-0443,24-Jun-2024,85000,85000,UPI,CLEARED,UTR6560129869
REC-2024-5439,NIMS-2024-0444,25-Jun-2024,60000,60000,NEFT,CLEARED,UTR8038508690
REC-2024-5440,NIMS-2024-0445,26-Jun-2024,150000,150000,UPI,CLEARED,UTR8599339588
REC-2024-5441,NIMS-2024-0446,27-Jun-2024,150000,150000,UPI,CLEARED,UTR2105252271
REC-2024-5442,NIMS-2024-0447,28-Jun-2024,85000,85000,NEFT,CLEARED,UTR5562919050
REC-2024-5443,NIMS-2024-0448,29-Jun-2024,85000,85000,NetBanking,CLEARED,UTR5552917235
REC-2024-5444,NIMS-2024-0449,30-Jun-2024,60000,60000,UPI,CLEARED,UTR6059168627
REC-2024-5445,NIMS-2024-0450,01-Jul-2024,85000,85000,NEFT,CLEARED,UTR4988247780
REC-2024-5446,NIMS-2024-0451,02-Jul-2024,110000,110000,Demand Draft,CLEARED,UTR2686352103
REC-2024-5447,NIMS-2024-0452,03-Jul-2024,60000,60000,NetBanking,CLEARED,UTR1465705342
REC-2024-5448,NIMS-2024-0453,04-Jul-2024,60000,60000,Demand Draft,CLEARED,UTR8596540119
REC-2024-5449,NIMS-2024-0454,05-Jul-2024,150000,150000,RTGS,CLEARED,UTR2112380464
REC-2024-5450,NIMS-2024-0455,06-Jul-2024,85000,85000,NEFT,CLEARED,UTR1313186891
REC-2024-5451,NIMS-2024-0456,07-Jul-2024,150000,150000,Demand Draft,CLEARED,UTR8419749935
REC-2024-5452,NIMS-2024-0457,08-Jul-2024,85000,85000,NetBanking,CLEARED,UTR3137611159
REC-2024-5453,NIMS-2024-0458,09-Jul-2024,85000,85000,NEFT,CLEARED,UTR5006748052
REC-2024-5454,NIMS-2024-0459,10-Jul-2024,60000,60000,NetBanking,CLEARED,UTR2144335983
REC-2024-5455,NIMS-2024-0460,11-Jul-2024,85000,85000,UPI,CLEARED,UTR9180270075
REC-2024-5456,NIMS-2024-0461,12-Jul-2024,60000,60000,Demand Draft,CLEARED,UTR9605842084
REC-2024-5457,NIMS-2024-0463,14-Jul-2024,60000,60000,NetBanking,CLEARED,UTR7348560496
REC-2024-5458,NIMS-2024-0464,15-Jul-2024,110000,110000,NetBanking,CLEARED,UTR4373188745
REC-2024-5459,NIMS-2024-0465,16-Jul-2024,150000,150000,Demand Draft,CLEARED,UTR1970004816
REC-2024-5460,NIMS-2024-0466,17-Jul-2024,85000,85000,NetBanking,CLEARED,UTR3070459171
REC-2024-5461,NIMS-2024-0467,18-Jul-2024,85000,85000,Demand Draft,CLEARED,UTR9553862785
REC-2024-5462,NIMS-2024-0468,19-Jul-2024,110000,110000,UPI,CLEARED,UTR8223429499
REC-2024-5463,NIMS-2024-0469,20-Jul-2024,60000,60000,NetBanking,CLEARED,UTR9826993893
REC-2024-5464,NIMS-2024-0470,21-Jul-2024,150000,150000,NEFT,CLEARED,UTR2460558581
REC-2024-5465,NIMS-2024-0471,22-Jul-2024,60000,60000,NetBanking,CLEARED,UTR1872395778
REC-2024-5466,NIMS-2024-0472,23-Jul-2024,85000,85000,Demand Draft,CLEARED,UTR6115319619
REC-2024-5467,NIMS-2024-0473,24-Jul-2024,85000,85000,NetBanking,CLEARED,UTR4850269395
REC-2024-5468,NIMS-2024-0474,25-Jul-2024,110000,110000,UPI,CLEARED,UTR3089516830
REC-2024-5469,NIMS-2024-0475,26-Jul-2024,85000,85000,NetBanking,CLEARED,UTR4158193327
REC-2024-5470,NIMS-2024-0476,27-Jul-2024,60000,60000,RTGS,CLEARED,UTR1153323006
REC-2024-5471,NIMS-2024-0477,28-Jul-2024,60000,60000,NEFT,CLEARED,UTR3546681221
REC-2024-5472,NIMS-2024-0478,29-Jul-2024,110000,110000,NetBanking,CLEARED,UTR2669743840
REC-2024-5473,NIMS-2024-0479,30-Jul-2024,60000,60000,Demand Draft,CLEARED,UTR8058382074
REC-2024-5474,NIMS-2024-0480,01-Jun-2024,110000,110000,NetBanking,CLEARED,UTR5277072865
REC-2024-5475,NIMS-2024-0481,02-Jun-2024,110000,110000,NEFT,CLEARED,UTR2457218442
REC-2024-5476,NIMS-2024-0482,03-Jun-2024,85000,85000,UPI,CLEARED,UTR5478854313
REC-2024-5477,NIMS-2024-0483,04-Jun-2024,85000,85000,NEFT,CLEARED,UTR7541749055
REC-2024-5478,NIMS-2024-0484,05-Jun-2024,150000,150000,Demand Draft,CLEARED,UTR3488270884
REC-2024-5479,NIMS-2024-0485,06-Jun-2024,85000,85000,NEFT,CLEARED,UTR9748322973
REC-2024-5480,NIMS-2024-0486,07-Jun-2024,85000,85000,RTGS,CLEARED,UTR5376842282
REC-2024-5481,NIMS-2024-0487,08-Jun-2024,150000,150000,Demand Draft,CLEARED,UTR1196716790
REC-2024-5482,NIMS-2024-0488,09-Jun-2024,110000,110000,RTGS,CLEARED,UTR1061698094
REC-2024-5483,NIMS-2024-0489,10-Jun-2024,85000,85000,NEFT,CLEARED,UTR9180462510
REC-2024-5484,NIMS-2024-0490,11-Jun-2024,110000,110000,NEFT,CLEARED,UTR3538508163
REC-2024-5485,NIMS-2024-0491,12-Jun-2024,60000,60000,NEFT,CLEARED,UTR5785365297
REC-2024-5486,NIMS-2024-0492,13-Jun-2024,85000,85000,Demand Draft,CLEARED,UTR1947351792
REC-2024-5487,NIMS-2024-0493,14-Jun-2024,85000,85000,RTGS,CLEARED,UTR7125531606
REC-2024-5488,NIMS-2024-0494,15-Jun-2024,85000,85000,NetBanking,CLEARED,UTR2392578489
REC-2024-5489,NIMS-2024-0495,16-Jun-2024,110000,110000,Demand Draft,CLEARED,UTR3344557360
REC-2024-5490,NIMS-2024-0496,17-Jun-2024,85000,85000,UPI,CLEARED,UTR4406345733
REC-2024-5491,NIMS-2024-0497,18-Jun-2024,150000,150000,NEFT,CLEARED,UTR3547281761
REC-2024-5492,NIMS-2024-0498,19-Jun-2024,60000,60000,UPI,CLEARED,UTR1271535964
REC-2024-5493,NIMS-2024-0499,20-Jun-2024,85000,85000,UPI,CLEARED,UTR2783074271
REC-2024-5494,NIMS-2024-0500,21-Jun-2024,85000,85000,UPI,CLEARED,UTR3376868109
