application_id,student_roll_no,candidate_name,date_of_birth,academic_program,category_quota,claimed_scholarship_inr,bank_account_last4,submission_timestamp
SCH-2024-00001,NIMS-2024-0001,Ayaan Sharma,2003-10-09,BBA,OBC-NCL,35000,2009,2024-07-10 01:00
SCH-2024-00002,NIMS-2024-0002,Aanya Gupta,27/08/2004,BCA,General,25000,2584,2024-07-10 02:00
SCH-2024-00003,NIMS-2024-0003,Pranav Yadav,01/06/2004,B.Tech CSE,EWS,35000,6632,2024-07-10 03:00
SCH-2024-00004,NIMS-2024-0004,Kabir Iyer,26-08-2004,B.Com Hons,General,35000,7782,2024-07-10 04:00
SCH-2024-00005,NIMS-2024-0005,Diya Chauhan,09-06-2003,BBA,SC,25000,4727,2024-07-10 05:00
SCH-2024-00006,NIMS-2024-0006,Ishita Jain,03-01-2004,B.Sc Biotech,EWS,50000,1999,2024-07-10 06:00
SCH-2024-00007,NIMS-2024-0007,Sneha Rao,2003-05-08,BCA,General,50000,9561,2024-07-10 07:00
SCH-2024-00008,NIMS-2024-0008,Avani Singh,2004-12-22,B.Tech AI&DS,General,35000,9773,2024-07-10 08:00
SCH-2024-00009,NIMS-2024-0009,Sai Yadav,14-04-2003,BCA,SC,75000,8779,2024-07-10 09:00
SCH-2024-00010,NIMS-2024-0010,Shaurya Pandey,30-12-2003,BBA,SC,25000,4860,2024-07-10 10:00
SCH-2024-00011,NIMS-2024-0011,Aanya Yadav,2003-06-17,MBBS Pre-Med,ST,50000,5896,2024-07-10 11:00
SCH-2024-00012,NIMS-2024-0012,Ananya Verma,23/08/2003,B.Tech CSE,SC,75000,7468,2024-07-10 12:00
SCH-2024-00013,NIMS-2024-0013,Arjun Singh,03-08-2004,B.Sc Biotech,OBC-NCL,75000,1568,2024-07-10 13:00
SCH-2024-00014,NIMS-2024-0014,Sneha Mehta,29-09-2003,B.Pharm,OBC-NCL,50000,9467,2024-07-10 14:00
SCH-2024-00015,NIMS-2024-0015,Tanvi Trivedi,06-01-2004,BBA,OBC-NCL,75000,3415,2024-07-10 15:00
SCH-2024-00016,NIMS-2024-0016,Vihaan Jain,06/06/2003,B.Pharm,ST,25000,8357,2024-07-10 16:00
SCH-2024-00017,NIMS-2024-0017,Ishita Chatterjee,24/04/2004,B.Com Hons,EWS,25000,3738,2024-07-10 17:00
SCH-2024-00018,NIMS-2024-0018,Aanya Chauhan,18/10/2004,B.Sc Biotech,General,50000,4157,2024-07-10 18:00
SCH-2024-00019,NIMS-2024-0019,Shaurya Iyer,04/01/2003,B.Com Hons,EWS,35000,1699,2024-07-10 19:00
SCH-2024-00020,NIMS-2024-0020,Samarth Reddy,2004-09-15,BBA,OBC-NCL,50000,2283,2024-07-10 20:00
SCH-2024-00021,NIMS-2024-0021,Aanya Reddy,01-01-2003,B.Sc Biotech,ST,25000,8133,2024-07-10 21:00
SCH-2024-00022,NIMS-2024-0022,Kavya Rathore,03/09/2003,B.Tech CSE,OBC-NCL,25000,3422,2024-07-10 22:00
SCH-2024-00023,NIMS-2024-0023,Pari Gupta,29-06-2004,B.Pharm,OBC-NCL,75000,5225,2024-07-10 23:00
SCH-2024-00024,NIMS-2024-0024,Dhruv Reddy,2004-09-13,BCA,OBC-NCL,35000,2097,2024-07-11 00:00
SCH-2024-00025,NIMS-2024-0025,Anushka Pandey,24/03/2004,MBBS Pre-Med,General,35000,7358,2024-07-11 01:00
SCH-2024-00026,NIMS-2024-0026,Arjun Mishra,22-01-2003,BBA,EWS,35000,7510,2024-07-11 02:00
SCH-2024-00027,NIMS-2024-0027,Arjun Verma,23-08-2003,B.Tech AI&DS,General,50000,6343,2024-07-11 03:00
SCH-2024-00028,NIMS-2024-0028,Saanvi Yadav,2003-10-13,MBBS Pre-Med,OBC-NCL,35000,9514,2024-07-11 04:00
SCH-2024-00029,NIMS-2024-0029,Aryan Nair,2004-02-21,BBA,General,25000,1202,2024-07-11 05:00
SCH-2024-00030,NIMS-2024-0030,Gauri Shukla,25-02-2004,MBBS Pre-Med,General,25000,9561,2024-07-11 06:00
SCH-2024-00031,NIMS-2024-0031,Anushka Mishra,2003-04-22,BBA,OBC-NCL,35000,2843,2024-07-11 07:00
SCH-2024-00032,NIMS-2024-0032,Krishna Shukla,2003-07-07,B.Com Hons,ST,35000,3451,2024-07-11 08:00
SCH-2024-00033,NIMS-2024-0033,Pooja Rao,11/04/2003,B.Tech CSE,EWS,25000,2641,2024-07-11 09:00
SCH-2024-00034,NIMS-2024-0034,Aryan Patel,21/02/2004,MBBS Pre-Med,ST,35000,2654,2024-07-11 10:00
SCH-2024-00035,NIMS-2024-0035,Vihaan Patel,2004-01-24,B.Tech CSE,ST,50000,9775,2024-07-11 11:00
SCH-2024-00036,NIMS-2024-0036,Om Shukla,2004-12-14,MBBS Pre-Med,OBC-NCL,35000,7732,2024-07-11 12:00
SCH-2024-00037,NIMS-2024-0037,Pranav Verma,2004-08-16,B.Tech CSE,SC,25000,7275,2024-07-11 13:00
SCH-2024-00038,NIMS-2024-0038,Tanvi Nair,29-05-2004,B.Pharm,General,25000,8955,2024-07-11 14:00
SCH-2024-00039,NIMS-2024-0039,Arjun Chatterjee,11-03-2003,BBA,ST,25000,8750,2024-07-11 15:00
SCH-2024-00040,NIMS-2024-0040,Tanvi Chatterjee,10/02/2003,B.Tech AI&DS,ST,50000,3821,2024-07-11 16:00
SCH-2024-00041,NIMS-2024-0041,Pranav Mishra,2003-09-02,B.Com Hons,ST,35000,7602,2024-07-11 17:00
SCH-2024-00042,NIMS-2024-0042,Sneha Mishra,16/03/2003,B.Tech CSE,ST,25000,7581,2024-07-11 18:00
SCH-2024-00043,NIMS-2024-0043,Aanya Singh,02/06/2004,B.Com Hons,OBC-NCL,50000,7484,2024-07-11 19:00
SCH-2024-00044,NIMS-2024-0044,Aryan Pandey,2003-10-19,B.Pharm,ST,50000,4892,2024-07-11 20:00
SCH-2024-00045,NIMS-2024-0045,Myra Rathore,10/11/2004,B.Tech AI&DS,OBC-NCL,50000,8785,2024-07-11 21:00
SCH-2024-00046,NIMS-2024-0046,Reyansh Rao,2003-06-09,B.Com Hons,SC,35000,7102,2024-07-11 22:00
SCH-2024-00047,NIMS-2024-0047,Pranav Chauhan,01/06/2004,MBBS Pre-Med,SC,25000,6535,2024-07-11 23:00
SCH-2024-00048,NIMS-2024-0048,Aditi Chauhan,2003-02-15,B.Tech CSE,SC,35000,6094,2024-07-12 00:00
SCH-2024-00049,NIMS-2024-0049,Shaurya Iyer,2004-07-18,BCA,EWS,25000,9054,2024-07-12 01:00
SCH-2024-00050,NIMS-2024-0050,Arjun Mehta,12-07-2004,B.Tech CSE,SC,35000,2609,2024-07-12 02:00
SCH-2024-00051,NIMS-2024-0051,Krishna Verma,12/11/2003,B.Sc Biotech,General,50000,3201,2024-07-12 03:00
SCH-2024-00052,NIMS-2024-0052,Aryan Jain,2003-12-29,BCA,EWS,35000,8259,2024-07-12 04:00
SCH-2024-00053,NIMS-2024-0053,Shaurya Patel,2004-02-27,B.Tech CSE,OBC-NCL,50000,5414,2024-07-12 05:00
SCH-2024-00054,NIMS-2024-0054,Aryan Chauhan,13-06-2003,B.Tech AI&DS,ST,25000,7828,2024-07-12 06:00
SCH-2024-00055,NIMS-2024-0055,Kabir Singh,16-04-2004,B.Sc Biotech,SC,35000,2462,2024-07-12 07:00
SCH-2024-00056,NIMS-2024-0056,Vivaan Singh,13/02/2004,B.Sc Biotech,SC,25000,8237,2024-07-12 08:00
SCH-2024-00057,NIMS-2024-0057,Gauri Reddy,14/02/2004,B.Sc Biotech,General,25000,7671,2024-07-12 09:00
SCH-2024-00058,NIMS-2024-0058,Atharva Banerjee,29-09-2003,B.Tech CSE,General,75000,8937,2024-07-12 10:00
SCH-2024-00059,NIMS-2024-0059,Ananya Shukla,12-09-2004,B.Tech AI&DS,ST,35000,7126,2024-07-12 11:00
SCH-2024-00060,NIMS-2024-0060,Aditya Shukla,02/01/2003,BBA,SC,75000,9442,2024-07-12 12:00
SCH-2024-00061,NIMS-2024-0061,Diya Chatterjee,18/11/2003,B.Tech AI&DS,SC,50000,2075,2024-07-12 13:00
SCH-2024-00062,NIMS-2024-0062,Ananya Trivedi,2004-12-14,B.Com Hons,EWS,35000,9303,2024-07-12 14:00
SCH-2024-00063,NIMS-2024-0063,Riya Trivedi,2004-11-24,B.Pharm,EWS,50000,3222,2024-07-12 15:00
SCH-2024-00064,NIMS-2024-0064,Myra Sharma,08-11-2003,B.Com Hons,OBC-NCL,75000,1474,2024-07-12 16:00
SCH-2024-00065,NIMS 2024 0065,Sneha Iyer,28/03/2004,BBA,EWS,75000,4158,2024-07-12 17:00
SCH-2024-00066,NIMS-2024-0066,Sai Rathore,11/06/2004,B.Sc Biotech,General,35000,1944,2024-07-12 18:00
SCH-2024-00067,NIMS-2024-0067,Kabir Singh,31/05/2003,B.Tech CSE,General,35000,1541,2024-07-12 19:00
SCH-2024-00068,NIMS-2024-0068,Khushi Gupta,2004-04-11,BCA,EWS,35000,1828,2024-07-12 20:00
SCH-2024-00069,NIMS-2024-0069,Pari Trivedi,2003-09-07,B.Pharm,General,25000,4262,2024-07-12 21:00
SCH-2024-00070,NIMS-2024-0070,Kabir Patel,2004-12-13,MBBS Pre-Med,General,35000,7035,2024-07-12 22:00
SCH-2024-00071,NIMS-2024-0071,Sneha Mehta,2004-04-20,B.Sc Biotech,ST,75000,9275,2024-07-12 23:00
SCH-2024-00072,NIMS-2024-0072,Shaurya Nair,2004-04-05,B.Com Hons,OBC-NCL,50000,3029,2024-07-13 00:00
SCH-2024-00073,NIMS-2024-0073,Aryan Chauhan,26-03-2004,B.Tech AI&DS,SC,35000,1500,2024-07-13 01:00
SCH-2024-00074,NIMS-2024-0074,Diya Mishra,07/07/2004,B.Tech AI&DS,OBC-NCL,35000,7102,2024-07-13 02:00
SCH-2024-00075,NIMS-2024-0075,Ishita Mehta,2004-12-24,BBA,General,75000,8308,2024-07-13 03:00
SCH-2024-00076,NIMS-2024-0076,Diya Rao,22/04/2004,BCA,General,35000,8775,2024-07-13 04:00
SCH-2024-00077,NIMS-2024-0077,Ishita Banerjee,13-12-2004,B.Tech CSE,EWS,75000,6730,2024-07-13 05:00
SCH-2024-00078,NIMS-2024-0078,Aarav Pandey,2003-11-02,BCA,ST,35000,3679,2024-07-13 06:00
SCH-2024-00079,NIMS-2024-0079,Kabir Chauhan,2004-03-22,MBBS Pre-Med,General,75000,2480,2024-07-13 07:00
SCH-2024-00080,NIMS-2024-0080,Anushka Patel,2004-04-23,B.Pharm,EWS,25000,1449,2024-07-13 08:00
SCH-2024-00081,NIMS-2024-0081,Tanvi Banerjee,2004-11-09,B.Tech CSE,General,75000,1813,2024-07-13 09:00
SCH-2024-00082,NIMS-2024-0082,Sneha Patel,21/02/2003,B.Com Hons,ST,50000,4511,2024-07-13 10:00
SCH-2024-00083,NIMS-2024-0083,Sneha Mishra,12/12/2003,BCA,SC,75000,4688,2024-07-13 11:00
SCH-2024-00084,NIMS-2024-0084,Sai Nair,20-01-2003,B.Tech CSE,SC,35000,4387,2024-07-13 12:00
SCH-2024-00085,NIMS-2024-0085,Aditya Sharma,2003-09-11,BBA,General,35000,7709,2024-07-13 13:00
SCH-2024-00086,NIMS-2024-0086,Krishna Nair,16-11-2004,B.Tech AI&DS,EWS,35000,1328,2024-07-13 14:00
SCH-2024-00087,NIMS-2024-0087,Dhruv Pandey,21-06-2003,B.Tech AI&DS,OBC-NCL,50000,1145,2024-07-13 15:00
SCH-2024-00088,NIMS-2024-0088,Tanvi Sharma,2003-11-16,BCA,ST,35000,3167,2024-07-13 16:00
SCH-2024-00089,NIMS-2024-0089,Tanvi Yadav,15-04-2003,B.Com Hons,EWS,25000,3837,2024-07-13 17:00
SCH-2024-00090,NIMS-2024-0090,Gauri Rao,14-03-2004,B.Sc Biotech,General,50000,1138,2024-07-13 18:00
SCH-2024-00091,NIMS-2024-0091,Riya Nair,19/04/2003,BCA,SC,75000,5135,2024-07-13 19:00
SCH-2024-00092,NIMS-2024-0092,Aditi Patel,18-06-2004,B.Com Hons,EWS,75000,6004,2024-07-13 20:00
SCH-2024-00093,NIMS-2024-0093,Aditi Banerjee,02-10-2003,B.Sc Biotech,OBC-NCL,25000,5511,2024-07-13 21:00
SCH-2024-00094,NIMS-2024-0094,Pooja Yadav,2004-04-20,BCA,SC,25000,7168,2024-07-13 22:00
SCH-2024-00095,NIMS-2024-0095,Ananya Patel,2004-05-14,BBA,SC,50000,8520,2024-07-13 23:00
SCH-2024-00096,NIMS-2024-0096,Rudra Chatterjee,2004-12-19,B.Com Hons,EWS,25000,4575,2024-07-14 00:00
SCH-2024-00097,NIMS-2024-0097,Sai Yadav,2004-02-21,MBBS Pre-Med,EWS,35000,5950,2024-07-14 01:00
SCH-2024-00098,NIMS-2024-0098,Pari Iyer,18-01-2003,B.Tech AI&DS,SC,35000,9530,2024-07-14 02:00
SCH-2024-00099,NIMS-2024-0099,Aryan Rathore,10-11-2004,B.Sc Biotech,ST,50000,7506,2024-07-14 03:00
SCH-2024-00100,NIMS-2024-0100,Myra Mishra,27-12-2003,MBBS Pre-Med,SC,50000,2676,2024-07-14 04:00
SCH-2024-00101,NIMS-2024-0101,Kabir Jain,17/07/2003,B.Sc Biotech,General,35000,9380,2024-07-14 05:00
SCH-2024-00102,NIMS-2024-0102,Pranav Nair,11-10-2003,B.Com Hons,General,35000,7131,2024-07-14 06:00
SCH-2024-00103,NIMS-2024-0103,Kabir Pandey,03-07-2003,B.Com Hons,General,35000,5631,2024-07-14 07:00
SCH-2024-00104,NIMS-2024-0104,Aditya Verma,2004-07-20,B.Com Hons,OBC-NCL,75000,2771,2024-07-14 08:00
SCH-2024-00105,NIMS-2024-0105,Aarav Banerjee,2003-10-19,MBBS Pre-Med,ST,75000,2045,2024-07-14 09:00
SCH-2024-00106,NIMS-2024-0106,Atharva Verma,2003-09-16,MBBS Pre-Med,General,25000,5529,2024-07-14 10:00
SCH-2024-00107,NIMS-2024-0107,Pari Gupta,13-08-2004,B.Tech CSE,OBC-NCL,35000,6327,2024-07-14 11:00
SCH-2024-00108,NIMS-2024-0108,Sai Yadav,2003-05-02,BCA,EWS,35000,5278,2024-07-14 12:00
SCH-2024-00109,NIMS-2024-0109,Pooja Iyer,01-11-2003,BCA,SC,25000,5895,2024-07-14 13:00
SCH-2024-00110,NIMS-2024-0110,Pranav Singh,28/09/2003,B.Tech AI&DS,OBC-NCL,35000,3456,2024-07-14 14:00
SCH-2024-00111,NIMS-2024-0111,Myra Gupta,10-06-2003,B.Tech CSE,ST,75000,4937,2024-07-14 15:00
SCH-2024-00112,NIMS-2024-0112,Om Verma,26/08/2003,B.Com Hons,SC,75000,7620,2024-07-14 16:00
SCH-2024-00113,nims-2024-0113,Kabir Chauhan,02-10-2004,BBA,ST,25000,6236,2024-07-14 17:00
SCH-2024-00114,NIMS-2024-0114,Ishaan Chauhan,26-05-2003,B.Tech AI&DS,General,35000,3292,2024-07-14 18:00
SCH-2024-00115,NIMS-2024-0115,Vanshika Banerjee,23-10-2003,MBBS Pre-Med,General,75000,1417,2024-07-14 19:00
SCH-2024-00116,NIMS-2024-0116,Anushka Chauhan,27-05-2004,MBBS Pre-Med,ST,25000,9148,2024-07-14 20:00
SCH-2024-00117,NIMS-2024-0117,Aditi Mishra,2004-09-10,B.Com Hons,General,25000,5250,2024-07-14 21:00
SCH-2024-00118,NIMS-2024-0118,Avani Banerjee,2003-01-22,B.Com Hons,EWS,25000,7628,2024-07-14 22:00
SCH-2024-00119,NIMS-2024-0119,Meera Reddy,2004-10-29,MBBS Pre-Med,SC,35000,1578,2024-07-14 23:00
SCH-2024-00120,NIMS-2024-0120,Pari Gupta,26-04-2004,B.Sc Biotech,ST,50000,4111,2024-07-15 00:00
SCH-2024-00121,NIMS-2024-0121,Reyansh Patel,2003-12-04,BCA,ST,50000,4643,2024-07-15 01:00
SCH-2024-00122,NIMS-2024-0122,Myra Verma,10-04-2004,B.Tech AI&DS,SC,50000,9759,2024-07-15 02:00
SCH-2024-00123,NIMS-2024-0123,Ayaan Trivedi,10-06-2004,B.Tech CSE,EWS,75000,8794,2024-07-15 03:00
SCH-2024-00124,NIMS-2024-0124,Vihaan Singh,14-06-2004,B.Sc Biotech,EWS,75000,6873,2024-07-15 04:00
SCH-2024-00125,NIMS-2024-0125,Vihaan Singh,01-10-2003,B.Pharm,SC,75000,5918,2024-07-15 05:00
SCH-2024-00126,NIMS-2024-0126,Ayaan Sharma,07/10/2004,BBA,OBC-NCL,50000,3967,2024-07-15 06:00
SCH-2024-00127,NIMS-2024-0127,Myra Shukla,2003-04-06,BBA,General,75000,2599,2024-07-15 07:00
SCH-2024-00128,NIMS-2024-0128,Ishaan Nair,2003-10-26,B.Com Hons,ST,75000,3096,2024-07-15 08:00
SCH-2024-00129,NIMS-2024-0129,Aryan Iyer,18-07-2004,B.Pharm,ST,35000,5237,2024-07-15 09:00
SCH-2024-00130,NIMS 2024 0130,Arjun Chauhan,29-02-2004,B.Sc Biotech,EWS,50000,3999,2024-07-15 10:00
SCH-2024-00131,NIMS-2024-0131,Om Rathore,24-08-2004,MBBS Pre-Med,OBC-NCL,75000,6499,2024-07-15 11:00
SCH-2024-00132,NIMS-2024-0132,Gauri Mishra,19-07-2004,BCA,ST,50000,2463,2024-07-15 12:00
SCH-2024-00133,NIMS-2024-0133,Aryan Banerjee,28/01/2004,BBA,ST,25000,6820,2024-07-15 13:00
SCH-2024-00134,NIMS-2024-0134,Meera Trivedi,31/01/2004,B.Pharm,ST,25000,6031,2024-07-15 14:00
SCH-2024-00135,NIMS-2024-0135,Saanvi Banerjee,2003-12-06,B.Tech AI&DS,ST,25000,6428,2024-07-15 15:00
SCH-2024-00136,NIMS-2024-0136,Aarav Mehta,2004-02-24,B.Pharm,General,75000,5269,2024-07-15 16:00
SCH-2024-00137,NIMS-2024-0137,Diya Chatterjee,10-12-2004,BCA,General,50000,5817,2024-07-15 17:00
SCH-2024-00138,NIMS-2024-0138,Ananya Nair,2004-07-08,B.Tech CSE,EWS,25000,2929,2024-07-15 18:00
SCH-2024-00139,NIMS-2024-0139,Om Yadav,2003-04-03,BCA,General,25000,1879,2024-07-15 19:00
SCH-2024-00140,NIMS-2024-0140,Shaurya Rathore,30-01-2003,B.Tech CSE,SC,25000,2166,2024-07-15 20:00
SCH-2024-00141,NIMS-2024-0141,Gauri Pandey,2004-03-17,B.Pharm,OBC-NCL,75000,4187,2024-07-15 21:00
SCH-2024-00142,NIMS-2024-0142,Shaurya Patel,22-03-2003,BCA,EWS,35000,2963,2024-07-15 22:00
SCH-2024-00143,NIMS-2024-0143,Tanvi Mehta,26-08-2003,MBBS Pre-Med,SC,75000,7253,2024-07-15 23:00
SCH-2024-00144,NIMS-2024-0144,Aarav Iyer,22-10-2003,B.Pharm,General,75000,5888,2024-07-16 00:00
SCH-2024-00145,NIMS-2024-0145,Tanvi Rathore,2004-10-16,BCA,SC,75000,1885,2024-07-16 01:00
SCH-2024-00146,NIMS-2024-0146,Advik Trivedi,09/05/2004,B.Tech AI&DS,OBC-NCL,75000,3250,2024-07-16 02:00
SCH-2024-00147,NIMS-2024-0147,Avani Rathore,17/12/2004,B.Com Hons,General,75000,6614,2024-07-16 03:00
SCH-2024-00148,NIMS-2024-0148,Aarav Banerjee,2004-12-03,B.Tech CSE,EWS,75000,8496,2024-07-16 04:00
SCH-2024-00149,NIMS-2024-0149,Kabir Chatterjee,27/12/2003,BBA,OBC-NCL,50000,6183,2024-07-16 05:00
SCH-2024-00150,NIMS-2024-0150,Reyansh Verma,13-11-2003,MBBS Pre-Med,General,50000,3954,2024-07-16 06:00
SCH-2024-00151,NIMS-2024-0151,Sai Rathore,01/12/2003,BCA,OBC-NCL,35000,8988,2024-07-16 07:00
SCH-2024-00152,NIMS-2024-0152,Aanya Pandey,2004-06-27,B.Com Hons,OBC-NCL,50000,3897,2024-07-16 08:00
SCH-2024-00153,NIMS-2024-0153,Om Mishra,2003-04-28,MBBS Pre-Med,General,35000,1950,2024-07-16 09:00
SCH-2024-00154,NIMS-2024-0154,Anushka Rao,10/01/2004,B.Tech AI&DS,ST,25000,8406,2024-07-16 10:00
SCH-2024-00155,NIMS-2024-0155,Aanya Jain,2004-04-10,B.Sc Biotech,SC,75000,4430,2024-07-16 11:00
SCH-2024-00156,NIMS-2024-0156,Reyansh Yadav,27/04/2004,B.Tech CSE,EWS,50000,3595,2024-07-16 12:00
SCH-2024-00157,NIMS-2024-0157,Arjun Iyer,2004-12-18,B.Com Hons,ST,25000,2442,2024-07-16 13:00
SCH-2024-00158,NIMS-2024-0158,Aditya Verma,08/11/2003,MBBS Pre-Med,General,25000,8105,2024-07-16 14:00
SCH-2024-00159,NIMS-2024-0159,Aanya Mehta,02-02-2004,MBBS Pre-Med,SC,75000,8035,2024-07-16 15:00
SCH-2024-00160,NIMS-2024-0160,Riya Jain,2004-05-16,BCA,SC,25000,8029,2024-07-16 16:00
SCH-2024-00161,NIMS-2024-0161,Pranav Iyer,2004-03-31,BBA,SC,25000,7280,2024-07-16 17:00
SCH-2024-00162,NIMS-2024-0162,Aanya Pandey,04/03/2003,BCA,SC,35000,1618,2024-07-16 18:00
SCH-2024-00163,NIMS-2024-0163,Sneha Gupta,09-11-2004,BBA,EWS,25000,4267,2024-07-16 19:00
SCH-2024-00164,NIMS-2024-0164,Diya Yadav,09-05-2003,BBA,General,35000,7112,2024-07-16 20:00
SCH-2024-00165,NIMS-2024-0165,Kabir Mishra,01/06/2003,B.Tech CSE,SC,35000,6279,2024-07-16 21:00
SCH-2024-00166,NIMS-2024-0166,Aanya Chauhan,28-06-2003,B.Tech AI&DS,General,35000,4122,2024-07-16 22:00
SCH-2024-00167,NIMS-2024-0167,Gauri Yadav,25/08/2004,B.Sc Biotech,General,35000,1067,2024-07-16 23:00
SCH-2024-00168,NIMS-2024-0168,Vihaan Mehta,07-03-2004,B.Tech AI&DS,General,75000,5076,2024-07-17 00:00
SCH-2024-00169,NIMS-2024-0169,Kavya Reddy,30/08/2004,B.Tech AI&DS,ST,35000,6641,2024-07-17 01:00
SCH-2024-00170,NIMS-2024-0170,Sara Rathore,2004-04-14,B.Tech CSE,General,75000,3112,2024-07-17 02:00
SCH-2024-00171,NIMS-2024-0171,Aditi Jain,17/05/2004,MBBS Pre-Med,General,25000,7284,2024-07-17 03:00
SCH-2024-00172,NIMS-2024-0172,Vanshika Mehta,09-03-2003,B.Pharm,SC,50000,6015,2024-07-17 04:00
SCH-2024-00173,NIMS-2024-0173,Vanshika Reddy,29/10/2003,MBBS Pre-Med,EWS,75000,2069,2024-07-17 05:00
SCH-2024-00174,NIMS-2024-0174,Ayaan Rao,09/08/2003,BCA,ST,35000,5885,2024-07-17 06:00
SCH-2024-00175,NIMS-2024-0175,Diya Iyer,2004-02-13,BCA,General,50000,8469,2024-07-17 07:00
SCH-2024-00176,NIMS-2024-0176,Ananya Chauhan,19-01-2004,B.Pharm,ST,25000,9524,2024-07-17 08:00
SCH-2024-00177,NIMS-2024-0177,Sai Gupta,18-03-2004,B.Tech AI&DS,SC,35000,9587,2024-07-17 09:00
SCH-2024-00178,NIMS-2024-0178,Tanvi Rao,2004-07-29,B.Sc Biotech,General,75000,8105,2024-07-17 10:00
SCH-2024-00179,NIMS-2024-0179,Aditi Verma,22-10-2003,B.Com Hons,SC,25000,3192,2024-07-17 11:00
SCH-2024-00180,NIMS-2024-0180,Ishaan Nair,2003-08-18,B.Tech AI&DS,SC,50000,9031,2024-07-17 12:00
SCH-2024-00181,NIMS-2024-0181,Rudra Banerjee,2003-08-20,BCA,EWS,25000,4087,2024-07-17 13:00
SCH-2024-00182,NIMS-2024-0182,Vivaan Patel,07/10/2003,B.Com Hons,SC,50000,7609,2024-07-17 14:00
SCH-2024-00183,NIMS-2024-0183,Atharva Mehta,02/08/2004,BCA,General,35000,4742,2024-07-17 15:00
SCH-2024-00184,NIMS-2024-0184,Sai Reddy,09/08/2003,BCA,ST,75000,3149,2024-07-17 16:00
SCH-2024-00185,NIMS-2024-0185,Shaurya Pandey,16/11/2003,B.Sc Biotech,EWS,25000,1359,2024-07-17 17:00
SCH-2024-00186,NIMS-2024-0186,Ishaan Patel,24-09-2004,B.Tech CSE,General,50000,9267,2024-07-17 18:00
SCH-2024-00187,NIMS-2024-0187,Aditi Nair,13/09/2004,MBBS Pre-Med,ST,50000,3017,2024-07-17 19:00
SCH-2024-00188,NIMS-2024-0188,Saanvi Jain,2003-12-20,BCA,General,50000,1612,2024-07-17 20:00
SCH-2024-00189,NIMS-2024-0189,Sara Rathore,2003-02-16,BBA,ST,25000,5190,2024-07-17 21:00
SCH-2024-00190,NIMS-2024-0190,Pranav Rathore,05-08-2003,B.Pharm,SC,50000,1796,2024-07-17 22:00
SCH-2024-00191,NIMS-2024-0191,Ayaan Sharma,24-05-2004,BCA,OBC-NCL,35000,1785,2024-07-17 23:00
SCH-2024-00192,NIMS-2024-0192,Aanya Yadav,27-05-2004,B.Sc Biotech,General,75000,2771,2024-07-18 00:00
SCH-2024-00193,NIMS-2024-0193,Aditi Sharma,15-04-2004,B.Tech AI&DS,SC,75000,1323,2024-07-18 01:00
SCH-2024-00194,NIMS-2024-0194,Riya Rathore,28/04/2003,BCA,General,50000,2897,2024-07-18 02:00
SCH-2024-00195,NIMS 2024 0195,Khushi Iyer,2004-12-07,B.Sc Biotech,General,75000,8279,2024-07-18 03:00
SCH-2024-00196,NIMS-2024-0196,Aryan Shukla,2004-08-26,BCA,EWS,25000,3024,2024-07-18 04:00
SCH-2024-00197,NIMS-2024-0197,Samarth Mishra,15-08-2003,B.Sc Biotech,OBC-NCL,25000,5140,2024-07-18 05:00
SCH-2024-00198,NIMS-2024-0198,Sara Reddy,2003-07-18,B.Sc Biotech,SC,35000,3508,2024-07-18 06:00
SCH-2024-00199,NIMS-2024-0199,Reyansh Mehta,20/09/2003,BBA,OBC-NCL,35000,1152,2024-07-18 07:00
SCH-2024-00200,NIMS-2024-0200,Atharva Nair,2004-04-20,MBBS Pre-Med,EWS,50000,7895,2024-07-18 08:00
SCH-2024-00201,NIMS-2024-0201,Ishaan Iyer,11-03-2003,MBBS Pre-Med,ST,50000,2654,2024-07-18 09:00
SCH-2024-00202,NIMS-2024-0202,Tanvi Verma,27-12-2003,B.Tech AI&DS,SC,75000,9524,2024-07-18 10:00
SCH-2024-00203,NIMS-2024-0203,Aditya Verma,2004-01-13,B.Com Hons,General,25000,3247,2024-07-18 11:00
SCH-2024-00204,NIMS-2024-0204,Sneha Banerjee,2004-07-21,B.Tech CSE,ST,35000,2718,2024-07-18 12:00
SCH-2024-00205,NIMS-2024-0205,Vanshika Nair,28-05-2004,B.Pharm,General,75000,2928,2024-07-18 13:00
SCH-2024-00206,NIMS-2024-0206,Diya Gupta,2004-05-31,B.Pharm,General,35000,2867,2024-07-18 14:00
SCH-2024-00207,NIMS-2024-0207,Pooja Reddy,19/06/2004,B.Pharm,SC,50000,9154,2024-07-18 15:00
SCH-2024-00208,NIMS-2024-0208,Ishita Shukla,13/12/2003,B.Tech CSE,SC,25000,4272,2024-07-18 16:00
SCH-2024-00209,NIMS-2024-0209,Reyansh Rao,2004-11-25,BCA,SC,50000,9571,2024-07-18 17:00
SCH-2024-00210,NIMS-2024-0210,Diya Gupta,19/08/2004,B.Pharm,SC,50000,6864,2024-07-18 18:00
SCH-2024-00211,NIMS-2024-0211,Krishna Chatterjee,26-12-2004,B.Tech AI&DS,SC,75000,7713,2024-07-18 19:00
SCH-2024-00212,NIMS-2024-0212,Krishna Reddy,2003-04-06,BCA,EWS,50000,3627,2024-07-18 20:00
SCH-2024-00213,NIMS-2024-0213,Kavya Rathore,04/07/2003,BBA,SC,75000,9980,2024-07-18 21:00
SCH-2024-00214,NIMS-2024-0214,Kabir Mehta,2003-06-08,B.Tech AI&DS,SC,25000,4402,2024-07-18 22:00
SCH-2024-00215,NIMS-2024-0215,Diya Chatterjee,15-05-2003,BCA,OBC-NCL,35000,8875,2024-07-18 23:00
SCH-2024-00216,NIMS-2024-0216,Khushi Patel,2004-03-24,B.Tech CSE,ST,50000,4842,2024-07-19 00:00
SCH-2024-00217,NIMS-2024-0217,Pooja Chatterjee,19/10/2003,MBBS Pre-Med,OBC-NCL,35000,1208,2024-07-19 01:00
SCH-2024-00218,NIMS-2024-0218,Meera Singh,12-01-2004,MBBS Pre-Med,ST,50000,2458,2024-07-19 02:00
SCH-2024-00219,NIMS-2024-0219,Saanvi Reddy,04/03/2004,B.Pharm,OBC-NCL,35000,9095,2024-07-19 03:00
SCH-2024-00220,NIMS-2024-0220,Vihaan Nair,16/01/2004,B.Tech AI&DS,EWS,25000,2475,2024-07-19 04:00
SCH-2024-00221,NIMS-2024-0221,Sai Patel,07-10-2003,MBBS Pre-Med,EWS,35000,2229,2024-07-19 05:00
SCH-2024-00222,NIMS-2024-0222,Sai Yadav,06-04-2004,B.Sc Biotech,General,75000,2659,2024-07-19 06:00
SCH-2024-00223,NIMS-2024-0223,Anushka Reddy,2004-01-18,BBA,ST,25000,4787,2024-07-19 07:00
SCH-2024-00224,NIMS-2024-0224,Kabir Sharma,2003-11-23,B.Tech AI&DS,SC,35000,5850,2024-07-19 08:00
SCH-2024-00225,NIMS-2024-0225,Aditya Rathore,2004-04-28,B.Pharm,ST,75000,8606,2024-07-19 09:00
SCH-2024-00226,nims-2024-0226,Sai Sharma,20/09/2003,BBA,OBC-NCL,75000,2635,2024-07-19 10:00
SCH-2024-00227,NIMS-2024-0227,Om Yadav,05/11/2003,B.Tech AI&DS,General,35000,1646,2024-07-19 11:00
SCH-2024-00228,NIMS-2024-0228,Khushi Iyer,2003-03-06,B.Tech AI&DS,ST,25000,6901,2024-07-19 12:00
SCH-2024-00229,NIMS-2024-0229,Ishaan Rathore,15-03-2004,B.Tech CSE,EWS,50000,6123,2024-07-19 13:00
SCH-2024-00230,NIMS-2024-0230,Avani Shukla,2003-07-11,B.Tech AI&DS,EWS,50000,2898,2024-07-19 14:00
SCH-2024-00231,NIMS-2024-0231,Sara Rao,03/06/2004,B.Tech CSE,ST,75000,1751,2024-07-19 15:00
SCH-2024-00232,NIMS-2024-0232,Ishita Pandey,17/09/2003,B.Tech CSE,SC,25000,3267,2024-07-19 16:00
SCH-2024-00233,NIMS-2024-0233,Aryan Jain,18-08-2004,B.Sc Biotech,OBC-NCL,25000,3793,2024-07-19 17:00
SCH-2024-00234,NIMS-2024-0234,Aanya Mishra,2004-10-20,B.Pharm,ST,75000,6857,2024-07-19 18:00
SCH-2024-00235,NIMS-2024-0235,Krishna Gupta,2004-04-13,B.Tech CSE,SC,35000,5395,2024-07-19 19:00
SCH-2024-00236,NIMS-2024-0236,Advik Verma,20-11-2003,B.Com Hons,EWS,75000,2522,2024-07-19 20:00
SCH-2024-00237,NIMS-2024-0237,Dhruv Verma,2004-10-24,BBA,SC,50000,6615,2024-07-19 21:00
SCH-2024-00238,NIMS-2024-0238,Diya Chauhan,08/05/2003,B.Sc Biotech,ST,75000,2865,2024-07-19 22:00
SCH-2024-00239,NIMS-2024-0239,Ishita Mishra,2003-07-11,MBBS Pre-Med,ST,50000,7557,2024-07-19 23:00
SCH-2024-00240,NIMS-2024-0240,Sai Shukla,2003-03-22,BCA,EWS,35000,5453,2024-07-20 00:00
SCH-2024-00241,NIMS-2024-0241,Ananya Jain,2003-03-23,B.Sc Biotech,SC,50000,8835,2024-07-20 01:00
SCH-2024-00242,NIMS-2024-0242,Vanshika Shukla,2003-06-20,MBBS Pre-Med,SC,75000,3732,2024-07-20 02:00
SCH-2024-00243,NIMS-2024-0243,Gauri Chatterjee,21/03/2004,B.Com Hons,General,25000,3171,2024-07-20 03:00
SCH-2024-00244,NIMS-2024-0244,Kavya Reddy,26-11-2004,B.Pharm,General,35000,1960,2024-07-20 04:00
SCH-2024-00245,NIMS-2024-0245,Aditya Mehta,10/03/2003,BBA,SC,50000,2699,2024-07-20 05:00
SCH-2024-00246,NIMS-2024-0246,Avani Verma,2004-09-11,B.Pharm,ST,50000,8908,2024-07-20 06:00
SCH-2024-00247,NIMS-2024-0247,Pooja Gupta,10-08-2004,B.Pharm,EWS,50000,8178,2024-07-20 07:00
SCH-2024-00248,NIMS-2024-0248,Ananya Chauhan,13/09/2003,B.Tech AI&DS,General,35000,7221,2024-07-20 08:00
SCH-2024-00249,NIMS-2024-0249,Sara Trivedi,2004-07-29,B.Tech AI&DS,SC,50000,1472,2024-07-20 09:00
SCH-2024-00250,NIMS-2024-0250,Pranav Chatterjee,20-10-2003,MBBS Pre-Med,OBC-NCL,25000,3140,2024-07-20 10:00
SCH-2024-00251,NIMS-2024-0251,Arjun Iyer,2003-06-26,MBBS Pre-Med,General,50000,8997,2024-07-20 11:00
SCH-2024-00252,NIMS-2024-0252,Arjun Rao,09/07/2004,B.Com Hons,SC,35000,7738,2024-07-20 12:00
SCH-2024-00253,NIMS-2024-0253,Kavya Reddy,2003-08-18,B.Tech AI&DS,OBC-NCL,35000,1753,2024-07-20 13:00
SCH-2024-00254,NIMS-2024-0254,Pari Sharma,05/01/2004,B.Sc Biotech,ST,35000,5286,2024-07-20 14:00
SCH-2024-00255,NIMS-2024-0255,Arjun Rathore,12-02-2004,MBBS Pre-Med,EWS,75000,6148,2024-07-20 15:00
SCH-2024-00256,NIMS-2024-0256,Avani Gupta,09/05/2003,B.Sc Biotech,General,75000,9598,2024-07-20 16:00
SCH-2024-00257,NIMS-2024-0257,Sara Pandey,12-05-2003,B.Pharm,OBC-NCL,75000,4669,2024-07-20 17:00
SCH-2024-00258,NIMS-2024-0258,Ayaan Reddy,06-06-2003,B.Com Hons,OBC-NCL,35000,6542,2024-07-20 18:00
SCH-2024-00259,NIMS-2024-0259,Kabir Pandey,15-06-2004,B.Com Hons,General,50000,9570,2024-07-20 19:00
SCH-2024-00260,NIMS 2024 0260,Myra Chauhan,09-05-2003,B.Com Hons,EWS,25000,2560,2024-07-20 20:00
SCH-2024-00261,NIMS-2024-0261,Tanvi Banerjee,2003-06-07,B.Pharm,EWS,50000,5072,2024-07-20 21:00
SCH-2024-00262,NIMS-2024-0262,Vivaan Gupta,2003-02-16,B.Com Hons,OBC-NCL,75000,6664,2024-07-20 22:00
SCH-2024-00263,NIMS-2024-0263,Pari Rao,24-10-2003,B.Com Hons,ST,35000,7305,2024-07-20 23:00
SCH-2024-00264,NIMS-2024-0264,Samarth Iyer,16/03/2003,B.Tech CSE,OBC-NCL,75000,1894,2024-07-21 00:00
SCH-2024-00265,NIMS-2024-0265,Meera Iyer,28/07/2003,B.Sc Biotech,EWS,35000,3571,2024-07-21 01:00
SCH-2024-00266,NIMS-2024-0266,Ananya Pandey,13-02-2004,B.Pharm,SC,25000,8688,2024-07-21 02:00
SCH-2024-00267,NIMS-2024-0267,Aryan Iyer,2003-05-06,B.Com Hons,ST,35000,3709,2024-07-21 03:00
SCH-2024-00268,NIMS-2024-0268,Reyansh Verma,25/10/2003,BCA,EWS,75000,9055,2024-07-21 04:00
SCH-2024-00269,NIMS-2024-0269,Shaurya Mishra,2004-08-14,B.Sc Biotech,OBC-NCL,35000,4946,2024-07-21 05:00
SCH-2024-00270,NIMS-2024-0270,Saanvi Iyer,2004-05-25,B.Com Hons,ST,25000,5557,2024-07-21 06:00
SCH-2024-00271,NIMS-2024-0271,Anushka Reddy,13/04/2004,BBA,OBC-NCL,50000,9305,2024-07-21 07:00
SCH-2024-00272,NIMS-2024-0272,Vihaan Rathore,21/05/2004,MBBS Pre-Med,SC,25000,7203,2024-07-21 08:00
SCH-2024-00273,NIMS-2024-0273,Aditi Mehta,2003-09-28,B.Sc Biotech,ST,50000,4850,2024-07-21 09:00
SCH-2024-00274,NIMS-2024-0274,Anushka Verma,06/08/2004,BBA,SC,50000,8521,2024-07-21 10:00
SCH-2024-00275,NIMS-2024-0275,Ishita Reddy,2004-04-06,B.Com Hons,EWS,25000,8341,2024-07-21 11:00
SCH-2024-00276,NIMS-2024-0276,Reyansh Trivedi,18/01/2004,B.Sc Biotech,EWS,50000,9166,2024-07-21 12:00
SCH-2024-00277,NIMS-2024-0277,Advik Chatterjee,2004-06-05,BCA,EWS,25000,6178,2024-07-21 13:00
SCH-2024-00278,NIMS-2024-0278,Aditya Mehta,31/12/2004,B.Sc Biotech,ST,75000,9148,2024-07-21 14:00
SCH-2024-00279,NIMS-2024-0279,Vanshika Reddy,24-05-2003,B.Sc Biotech,EWS,50000,1291,2024-07-21 15:00
SCH-2024-00280,NIMS-2024-0280,Anushka Chatterjee,03/11/2003,B.Sc Biotech,EWS,75000,7609,2024-07-21 16:00
SCH-2024-00281,NIMS-2024-0281,Meera Sharma,2004-01-13,B.Sc Biotech,General,75000,1587,2024-07-21 17:00
SCH-2024-00282,NIMS-2024-0282,Vivaan Chatterjee,30-04-2004,B.Com Hons,EWS,35000,9996,2024-07-21 18:00
SCH-2024-00283,NIMS-2024-0283,Tanvi Nair,24/06/2003,BCA,OBC-NCL,35000,2489,2024-07-21 19:00
SCH-2024-00284,NIMS-2024-0284,Avani Jain,15-07-2003,B.Tech CSE,ST,50000,5990,2024-07-21 20:00
SCH-2024-00285,NIMS-2024-0285,Ishaan Shukla,08-12-2004,BBA,ST,75000,4389,2024-07-21 21:00
SCH-2024-00286,NIMS-2024-0286,Krishna Reddy,01-08-2003,B.Sc Biotech,ST,75000,8474,2024-07-21 22:00
SCH-2024-00287,NIMS-2024-0287,Atharva Iyer,2004-06-29,B.Sc Biotech,EWS,50000,6953,2024-07-21 23:00
SCH-2024-00288,NIMS-2024-0288,Khushi Nair,16/07/2003,BBA,SC,50000,4652,2024-07-22 00:00
SCH-2024-00289,NIMS-2024-0289,Samarth Rathore,2004-12-22,BBA,ST,50000,6439,2024-07-22 01:00
SCH-2024-00290,NIMS-2024-0290,Gauri Rao,08-10-2003,B.Com Hons,General,75000,8751,2024-07-22 02:00
SCH-2024-00291,NIMS-2024-0291,Gauri Mehta,25-10-2003,B.Tech CSE,SC,25000,6952,2024-07-22 03:00
SCH-2024-00292,NIMS-2024-0292,Pooja Chauhan,05-05-2004,BBA,OBC-NCL,50000,8414,2024-07-22 04:00
SCH-2024-00293,NIMS-2024-0293,Krishna Jain,22/09/2004,BBA,OBC-NCL,25000,2596,2024-07-22 05:00
SCH-2024-00294,NIMS-2024-0294,Kabir Verma,13-04-2003,BCA,SC,75000,4633,2024-07-22 06:00
SCH-2024-00295,NIMS-2024-0295,Krishna Sharma,17/07/2004,B.Pharm,ST,75000,6592,2024-07-22 07:00
SCH-2024-00296,NIMS-2024-0296,Advik Rathore,2003-11-25,B.Com Hons,General,25000,5783,2024-07-22 08:00
SCH-2024-00297,NIMS-2024-0297,Aanya Verma,29-06-2003,BCA,OBC-NCL,25000,9552,2024-07-22 09:00
SCH-2024-00298,NIMS-2024-0298,Pari Patel,2003-10-24,B.Tech CSE,General,50000,2741,2024-07-22 10:00
SCH-2024-00299,NIMS-2024-0299,Diya Rathore,10/04/2004,MBBS Pre-Med,OBC-NCL,75000,3689,2024-07-22 11:00
SCH-2024-00300,NIMS-2024-0300,Advik Jain,2003-12-05,B.Pharm,ST,50000,3301,2024-07-22 12:00
SCH-2024-00301,NIMS-2024-0301,Aarav Mishra,30-10-2003,BBA,OBC-NCL,75000,7704,2024-07-22 13:00
SCH-2024-00302,NIMS-2024-0302,Saanvi Mishra,30/03/2003,BCA,General,35000,5166,2024-07-22 14:00
SCH-2024-00303,NIMS-2024-0303,Meera Mishra,12-09-2003,B.Tech CSE,SC,75000,4209,2024-07-22 15:00
SCH-2024-00304,NIMS-2024-0304,Pooja Chauhan,04/12/2003,B.Com Hons,EWS,25000,2978,2024-07-22 16:00
SCH-2024-00305,NIMS-2024-0305,Kavya Yadav,2003-03-05,B.Tech AI&DS,ST,50000,4532,2024-07-22 17:00
SCH-2024-00306,NIMS-2024-0306,Anushka Reddy,2004-12-21,B.Com Hons,General,50000,4122,2024-07-22 18:00
SCH-2024-00307,NIMS-2024-0307,Khushi Yadav,13-08-2003,B.Pharm,ST,35000,6536,2024-07-22 19:00
SCH-2024-00308,NIMS-2024-0308,Vanshika Pandey,01/03/2004,MBBS Pre-Med,EWS,35000,7790,2024-07-22 20:00
SCH-2024-00309,NIMS-2024-0309,Vanshika Gupta,22/06/2004,MBBS Pre-Med,EWS,50000,3018,2024-07-22 21:00
SCH-2024-00310,NIMS-2024-0310,Avani Jain,2003-03-05,BBA,EWS,35000,8493,2024-07-22 22:00
SCH-2024-00311,NIMS-2024-0311,Ananya Reddy,28-03-2004,B.Tech AI&DS,OBC-NCL,75000,9260,2024-07-22 23:00
SCH-2024-00312,NIMS-2024-0312,Saanvi Iyer,26/02/2003,MBBS Pre-Med,OBC-NCL,75000,9172,2024-07-23 00:00
SCH-2024-00313,NIMS-2024-0313,Avani Verma,26/07/2004,MBBS Pre-Med,SC,25000,9689,2024-07-23 01:00
SCH-2024-00314,NIMS-2024-0314,Dhruv Sharma,12-08-2003,B.Tech AI&DS,General,75000,1795,2024-07-23 02:00
SCH-2024-00315,NIMS-2024-0315,Arjun Rao,03-03-2003,B.Tech AI&DS,ST,25000,8091,2024-07-23 03:00
SCH-2024-00316,NIMS-2024-0316,Riya Patel,19-05-2003,BCA,SC,75000,8912,2024-07-23 04:00
SCH-2024-00317,NIMS-2024-0317,Ishita Trivedi,24-03-2003,B.Pharm,SC,25000,3903,2024-07-23 05:00
SCH-2024-00318,NIMS-2024-0318,Aanya Trivedi,25-06-2004,B.Pharm,OBC-NCL,25000,3845,2024-07-23 06:00
SCH-2024-00319,NIMS-2024-0319,Samarth Iyer,20-11-2004,BCA,EWS,75000,3103,2024-07-23 07:00
SCH-2024-00320,NIMS-2024-0320,Aryan Iyer,21/12/2003,B.Pharm,SC,35000,7347,2024-07-23 08:00
SCH-2024-00321,NIMS-2024-0321,Aditya Shukla,21-09-2004,B.Tech CSE,OBC-NCL,35000,6273,2024-07-23 09:00
SCH-2024-00322,NIMS-2024-0322,Reyansh Chatterjee,04-02-2003,MBBS Pre-Med,EWS,25000,7302,2024-07-23 10:00
SCH-2024-00323,NIMS-2024-0323,Aditya Trivedi,2004-03-25,BBA,EWS,35000,5067,2024-07-23 11:00
SCH-2024-00324,NIMS-2024-0324,Krishna Reddy,2003-10-24,BBA,EWS,50000,7518,2024-07-23 12:00
SCH-2024-00325,NIMS 2024 0325,Aryan Rathore,2003-05-27,BBA,ST,50000,5819,2024-07-23 13:00
SCH-2024-00326,NIMS-2024-0326,Vihaan Rao,2004-08-28,B.Pharm,ST,75000,3185,2024-07-23 14:00
SCH-2024-00327,NIMS-2024-0327,Gauri Trivedi,21/06/2004,B.Sc Biotech,ST,75000,7762,2024-07-23 15:00
SCH-2024-00328,NIMS-2024-0328,Samarth Trivedi,08-07-2003,MBBS Pre-Med,OBC-NCL,35000,9393,2024-07-23 16:00
SCH-2024-00329,NIMS-2024-0329,Ishaan Iyer,2003-03-01,BCA,ST,35000,9975,2024-07-23 17:00
SCH-2024-00330,NIMS-2024-0330,Aryan Chauhan,2003-07-28,B.Sc Biotech,General,75000,4560,2024-07-23 18:00
SCH-2024-00331,NIMS-2024-0331,Sai Rao,15/07/2003,B.Tech CSE,SC,75000,4435,2024-07-23 19:00
SCH-2024-00332,NIMS-2024-0332,Arjun Singh,24-08-2004,BBA,ST,35000,5760,2024-07-23 20:00
SCH-2024-00333,NIMS-2024-0333,Samarth Sharma,05-08-2003,BBA,General,75000,6657,2024-07-23 21:00
SCH-2024-00334,NIMS-2024-0334,Vanshika Singh,11-02-2004,BBA,EWS,50000,3173,2024-07-23 22:00
SCH-2024-00335,NIMS-2024-0335,Ishita Iyer,30-06-2004,B.Sc Biotech,SC,50000,3913,2024-07-23 23:00
SCH-2024-00336,NIMS-2024-0336,Saanvi Nair,22-04-2004,B.Tech AI&DS,ST,50000,9888,2024-07-24 00:00
SCH-2024-00337,NIMS-2024-0337,Kavya Mishra,28-02-2004,B.Tech CSE,EWS,35000,6281,2024-07-24 01:00
SCH-2024-00338,NIMS-2024-0338,Vivaan Chauhan,20-07-2004,BCA,SC,35000,2890,2024-07-24 02:00
SCH-2024-00339,nims-2024-0339,Diya Yadav,2004-01-24,BBA,ST,50000,8870,2024-07-24 03:00
SCH-2024-00340,NIMS-2024-0340,Pari Nair,16-04-2004,B.Pharm,SC,35000,7839,2024-07-24 04:00
SCH-2024-00341,NIMS-2024-0341,Aanya Nair,08-07-2003,B.Tech CSE,EWS,25000,9747,2024-07-24 05:00
SCH-2024-00342,NIMS-2024-0342,Vihaan Sharma,2004-02-27,B.Pharm,OBC-NCL,25000,7920,2024-07-24 06:00
SCH-2024-00343,NIMS-2024-0343,Aarav Singh,01/06/2004,MBBS Pre-Med,SC,25000,9564,2024-07-24 07:00
SCH-2024-00344,NIMS-2024-0344,Pari Sharma,07/01/2003,BCA,General,25000,1414,2024-07-24 08:00
SCH-2024-00345,NIMS-2024-0345,Aanya Rathore,2003-01-18,BCA,OBC-NCL,25000,3381,2024-07-24 09:00
SCH-2024-00346,NIMS-2024-0346,Sara Mehta,04/09/2003,BBA,EWS,50000,1927,2024-07-24 10:00
SCH-2024-00347,NIMS-2024-0347,Rudra Trivedi,22/03/2003,B.Sc Biotech,ST,75000,5374,2024-07-24 11:00
SCH-2024-00348,NIMS-2024-0348,Kabir Rathore,01/12/2004,B.Tech AI&DS,General,25000,5695,2024-07-24 12:00
SCH-2024-00349,NIMS-2024-0349,Ishita Trivedi,19-07-2004,MBBS Pre-Med,General,25000,5105,2024-07-24 13:00
SCH-2024-00350,NIMS-2024-0350,Sai Nair,20/03/2004,B.Sc Biotech,EWS,25000,2016,2024-07-24 14:00
SCH-2024-00351,NIMS-2024-0351,Kabir Singh,09-12-2004,MBBS Pre-Med,SC,25000,5835,2024-07-24 15:00
SCH-2024-00352,NIMS-2024-0352,Rudra Rao,31/07/2004,B.Tech CSE,OBC-NCL,50000,9866,2024-07-24 16:00
SCH-2024-00353,NIMS-2024-0353,Pranav Banerjee,28/05/2003,BCA,General,50000,6876,2024-07-24 17:00
SCH-2024-00354,NIMS-2024-0354,Avani Yadav,2004-08-03,BCA,EWS,50000,2679,2024-07-24 18:00
SCH-2024-00355,NIMS-2024-0355,Krishna Gupta,27-05-2004,B.Sc Biotech,General,25000,4675,2024-07-24 19:00
SCH-2024-00356,NIMS-2024-0356,Kabir Gupta,15-12-2003,BCA,SC,25000,7371,2024-07-24 20:00
SCH-2024-00357,NIMS-2024-0357,Pooja Nair,22/08/2003,B.Sc Biotech,EWS,75000,9370,2024-07-24 21:00
SCH-2024-00358,NIMS-2024-0358,Atharva Banerjee,07-11-2004,BCA,General,50000,5712,2024-07-24 22:00
SCH-2024-00359,NIMS-2024-0359,Arjun Gupta,02-10-2003,B.Pharm,ST,35000,1769,2024-07-24 23:00
SCH-2024-00360,NIMS-2024-0360,Ananya Pandey,2003-04-20,B.Tech AI&DS,General,50000,7349,2024-07-25 00:00
SCH-2024-00361,NIMS-2024-0361,Kavya Chauhan,2003-04-15,B.Pharm,General,35000,6122,2024-07-25 01:00
SCH-2024-00362,NIMS-2024-0362,Pooja Rao,22-07-2004,BCA,General,25000,1881,2024-07-25 02:00
SCH-2024-00363,NIMS-2024-0363,Gauri Rao,06/04/2003,B.Sc Biotech,ST,25000,5117,2024-07-25 03:00
SCH-2024-00364,NIMS-2024-0364,Riya Trivedi,28/03/2003,BBA,EWS,35000,8259,2024-07-25 04:00
SCH-2024-00365,NIMS-2024-0365,Shaurya Mehta,03/10/2003,B.Com Hons,SC,75000,7025,2024-07-25 05:00
SCH-2024-00366,NIMS-2024-0366,Arjun Patel,21-03-2004,B.Com Hons,ST,50000,9955,2024-07-25 06:00
SCH-2024-00367,NIMS-2024-0367,Arjun Pandey,15-09-2003,BBA,ST,35000,4218,2024-07-25 07:00
SCH-2024-00368,NIMS-2024-0368,Reyansh Mehta,08-11-2003,B.Tech CSE,ST,50000,4170,2024-07-25 08:00
SCH-2024-00369,NIMS-2024-0369,Diya Iyer,2003-12-09,BCA,EWS,35000,8353,2024-07-25 09:00
SCH-2024-00370,NIMS-2024-0370,Ananya Chatterjee,12/12/2004,BBA,ST,50000,2220,2024-07-25 10:00
SCH-2024-00371,NIMS-2024-0371,Anushka Mishra,26/10/2003,MBBS Pre-Med,EWS,35000,3847,2024-07-25 11:00
SCH-2024-00372,NIMS-2024-0372,Ishita Chauhan,07-02-2004,B.Sc Biotech,General,35000,9418,2024-07-25 12:00
SCH-2024-00373,NIMS-2024-0373,Myra Sharma,17/04/2004,BBA,ST,50000,7180,2024-07-25 13:00
SCH-2024-00374,NIMS-2024-0374,Riya Nair,23/05/2003,B.Com Hons,OBC-NCL,50000,8020,2024-07-25 14:00
SCH-2024-00375,NIMS-2024-0375,Aditi Trivedi,2003-03-17,MBBS Pre-Med,EWS,75000,5329,2024-07-25 15:00
SCH-2024-00376,NIMS-2024-0376,Aanya Reddy,09/12/2004,BCA,EWS,25000,3636,2024-07-25 16:00
SCH-2024-00377,NIMS-2024-0377,Aanya Chatterjee,15-10-2004,B.Tech AI&DS,General,35000,5178,2024-07-25 17:00
SCH-2024-00378,NIMS-2024-0378,Shaurya Chatterjee,15/02/2003,BCA,SC,75000,6415,2024-07-25 18:00
SCH-2024-00379,NIMS-2024-0379,Aarav Jain,2003-09-22,BBA,EWS,35000,3536,2024-07-25 19:00
SCH-2024-00380,NIMS-2024-0380,Kavya Trivedi,19/04/2004,B.Pharm,SC,25000,3518,2024-07-25 20:00
SCH-2024-00381,NIMS-2024-0381,Reyansh Rathore,2004-03-01,B.Tech AI&DS,General,35000,1833,2024-07-25 21:00
SCH-2024-00382,NIMS-2024-0382,Samarth Mishra,11-04-2004,BBA,EWS,75000,5934,2024-07-25 22:00
SCH-2024-00383,NIMS-2024-0383,Meera Jain,2004-03-24,MBBS Pre-Med,SC,25000,6866,2024-07-25 23:00
SCH-2024-00384,NIMS-2024-0384,Aditya Jain,24/01/2003,B.Sc Biotech,General,35000,6207,2024-07-26 00:00
SCH-2024-00385,NIMS-2024-0385,Sara Patel,19-07-2004,B.Pharm,SC,75000,4603,2024-07-26 01:00
SCH-2024-00386,NIMS-2024-0386,Kabir Trivedi,06/10/2004,B.Pharm,OBC-NCL,75000,9529,2024-07-26 02:00
SCH-2024-00387,NIMS-2024-0387,Vivaan Chatterjee,22/07/2003,MBBS Pre-Med,EWS,75000,9276,2024-07-26 03:00
SCH-2024-00388,NIMS-2024-0388,Aarav Singh,30/07/2003,B.Com Hons,General,25000,7814,2024-07-26 04:00
SCH-2024-00389,NIMS-2024-0389,Kavya Mishra,21-07-2003,MBBS Pre-Med,General,50000,9798,2024-07-26 05:00
SCH-2024-00390,NIMS 2024 0390,Sara Mishra,2004-09-03,BCA,EWS,75000,2506,2024-07-26 06:00
SCH-2024-00391,NIMS-2024-0391,Gauri Pandey,2004-04-13,B.Pharm,SC,25000,4624,2024-07-26 07:00
SCH-2024-00392,NIMS-2024-0392,Ananya Jain,02/09/2003,B.Com Hons,General,35000,6437,2024-07-26 08:00
SCH-2024-00393,NIMS-2024-0393,Ishaan Reddy,2004-02-02,BCA,EWS,35000,6911,2024-07-26 09:00
SCH-2024-00394,NIMS-2024-0394,Aditi Patel,2004-05-13,B.Pharm,EWS,35000,4579,2024-07-26 10:00
SCH-2024-00395,NIMS-2024-0395,Om Mehta,11-07-2003,B.Sc Biotech,ST,25000,9691,2024-07-26 11:00
SCH-2024-00396,NIMS-2024-0396,Aarav Nair,2003-05-20,BBA,ST,75000,1144,2024-07-26 12:00
SCH-2024-00397,NIMS-2024-0397,Pari Shukla,28/12/2004,MBBS Pre-Med,ST,35000,6668,2024-07-26 13:00
SCH-2024-00398,NIMS-2024-0398,Avani Sharma,2003-08-14,B.Com Hons,General,50000,4937,2024-07-26 14:00
SCH-2024-00399,NIMS-2024-0399,Aanya Rathore,22-06-2003,MBBS Pre-Med,EWS,75000,4994,2024-07-26 15:00
SCH-2024-00400,NIMS-2024-0400,Avani Jain,02/10/2003,B.Sc Biotech,EWS,25000,6258,2024-07-26 16:00
SCH-2024-00401,NIMS-2024-0401,Aanya Singh,2004-03-11,B.Tech AI&DS,OBC-NCL,50000,2857,2024-07-26 17:00
SCH-2024-00402,NIMS-2024-0402,Pooja Chauhan,2003-12-23,B.Tech AI&DS,ST,25000,5203,2024-07-26 18:00
SCH-2024-00403,NIMS-2024-0403,Pranav Banerjee,06-12-2004,B.Sc Biotech,EWS,75000,5633,2024-07-26 19:00
SCH-2024-00404,NIMS-2024-0404,Khushi Mehta,31/07/2003,BBA,General,50000,9468,2024-07-26 20:00
SCH-2024-00405,NIMS-2024-0405,Vanshika Rao,2003-06-22,B.Sc Biotech,SC,50000,9426,2024-07-26 21:00
SCH-2024-00406,NIMS-2024-0406,Saanvi Jain,19-05-2003,BCA,General,50000,8300,2024-07-26 22:00
SCH-2024-00407,NIMS-2024-0407,Krishna Yadav,2003-05-30,B.Sc Biotech,OBC-NCL,75000,1718,2024-07-26 23:00
SCH-2024-00408,NIMS-2024-0408,Ishaan Banerjee,2004-10-09,B.Com Hons,ST,75000,4154,2024-07-27 00:00
SCH-2024-00409,NIMS-2024-0409,Arjun Gupta,2004-02-17,B.Com Hons,SC,75000,9419,2024-07-27 01:00
SCH-2024-00410,NIMS-2024-0410,Ananya Banerjee,03/01/2003,B.Tech AI&DS,ST,50000,2572,2024-07-27 02:00
SCH-2024-00411,NIMS-2024-0411,Aanya Trivedi,12/08/2003,BCA,OBC-NCL,75000,9814,2024-07-27 03:00
SCH-2024-00412,NIMS-2024-0412,Ananya Rathore,12-12-2003,B.Pharm,EWS,75000,1120,2024-07-27 04:00
SCH-2024-00413,NIMS-2024-0413,Vihaan Verma,12-04-2003,MBBS Pre-Med,General,25000,2072,2024-07-27 05:00
SCH-2024-00414,NIMS-2024-0414,Pooja Iyer,01/01/2003,BCA,OBC-NCL,35000,4492,2024-07-27 06:00
SCH-2024-00415,NIMS-2024-0415,Shaurya Chauhan,06-04-2003,B.Sc Biotech,SC,25000,7950,2024-07-27 07:00
SCH-2024-00416,NIMS-2024-0416,Shaurya Verma,10/02/2004,B.Com Hons,OBC-NCL,75000,4368,2024-07-27 08:00
SCH-2024-00417,NIMS-2024-0417,Reyansh Sharma,07-08-2003,MBBS Pre-Med,General,35000,8130,2024-07-27 09:00
SCH-2024-00418,NIMS-2024-0418,Sara Iyer,10-01-2003,B.Tech CSE,SC,25000,2181,2024-07-27 10:00
SCH-2024-00419,NIMS-2024-0419,Krishna Nair,14-03-2003,BBA,ST,25000,3519,2024-07-27 11:00
SCH-2024-00420,NIMS-2024-0420,Reyansh Mishra,12/01/2004,B.Com Hons,OBC-NCL,75000,8523,2024-07-27 12:00
SCH-2024-00421,NIMS-2024-0421,Ishaan Gupta,27-06-2004,B.Tech CSE,EWS,35000,6434,2024-07-27 13:00
SCH-2024-00422,NIMS-2024-0422,Gauri Singh,05/10/2004,B.Pharm,ST,75000,2433,2024-07-27 14:00
SCH-2024-00423,NIMS-2024-0423,Sai Jain,24/05/2003,B.Tech AI&DS,EWS,75000,1889,2024-07-27 15:00
SCH-2024-00424,NIMS-2024-0424,Aditi Mishra,24/05/2003,BBA,SC,25000,5127,2024-07-27 16:00
SCH-2024-00425,NIMS-2024-0425,Myra Chatterjee,06-09-2004,B.Com Hons,General,50000,2154,2024-07-27 17:00
SCH-2024-00426,NIMS-2024-0426,Sara Chatterjee,05-06-2004,BBA,ST,50000,4729,2024-07-27 18:00
SCH-2024-00427,NIMS-2024-0427,Aryan Nair,2004-01-31,B.Tech AI&DS,OBC-NCL,75000,7678,2024-07-27 19:00
SCH-2024-00428,NIMS-2024-0428,Sara Sharma,2004-01-05,B.Sc Biotech,OBC-NCL,75000,8391,2024-07-27 20:00
SCH-2024-00429,NIMS-2024-0429,Kavya Rao,30-11-2004,B.Pharm,ST,25000,7626,2024-07-27 21:00
SCH-2024-00430,NIMS-2024-0430,Tanvi Gupta,2003-01-15,B.Com Hons,OBC-NCL,25000,6183,2024-07-27 22:00
SCH-2024-00431,NIMS-2024-0431,Anushka Reddy,21/10/2003,BCA,ST,75000,7381,2024-07-27 23:00
SCH-2024-00432,NIMS-2024-0432,Aanya Rao,22-09-2004,B.Pharm,SC,25000,2938,2024-07-28 00:00
SCH-2024-00433,NIMS-2024-0433,Sai Reddy,28-07-2003,B.Pharm,EWS,50000,1096,2024-07-28 01:00
SCH-2024-00434,NIMS-2024-0434,Tanvi Gupta,14-11-2003,BCA,OBC-NCL,25000,2036,2024-07-28 02:00
SCH-2024-00435,NIMS-2024-0435,Sai Shukla,29-04-2003,MBBS Pre-Med,EWS,25000,1745,2024-07-28 03:00
SCH-2024-00436,NIMS-2024-0436,Atharva Jain,13-01-2003,B.Pharm,General,35000,2189,2024-07-28 04:00
SCH-2024-00437,NIMS-2024-0437,Gauri Reddy,2004-06-13,B.Com Hons,OBC-NCL,50000,9238,2024-07-28 05:00
SCH-2024-00438,NIMS-2024-0438,Rudra Jain,31/01/2003,B.Sc Biotech,ST,50000,5748,2024-07-28 06:00
SCH-2024-00439,NIMS-2024-0439,Dhruv Banerjee,04-10-2004,B.Tech AI&DS,ST,75000,5937,2024-07-28 07:00
SCH-2024-00440,NIMS-2024-0440,Vihaan Nair,03-08-2004,B.Pharm,SC,35000,2417,2024-07-28 08:00
SCH-2024-00441,NIMS-2024-0441,Reyansh Banerjee,2004-11-21,B.Tech AI&DS,OBC-NCL,25000,8170,2024-07-28 09:00
SCH-2024-00442,NIMS-2024-0442,Aarav Yadav,2003-02-17,MBBS Pre-Med,SC,75000,7473,2024-07-28 10:00
SCH-2024-00443,NIMS-2024-0443,Atharva Verma,20-07-2004,BCA,OBC-NCL,50000,1504,2024-07-28 11:00
SCH-2024-00444,NIMS-2024-0444,Riya Mishra,2003-10-05,B.Tech AI&DS,EWS,50000,3561,2024-07-28 12:00
SCH-2024-00445,NIMS-2024-0445,Saanvi Verma,03-07-2003,BBA,EWS,25000,4602,2024-07-28 13:00
SCH-2024-00446,NIMS-2024-0446,Arjun Iyer,17/10/2003,B.Com Hons,SC,25000,7406,2024-07-28 14:00
SCH-2024-00447,NIMS-2024-0447,Aarav Pandey,25-07-2003,B.Com Hons,EWS,50000,5832,2024-07-28 15:00
SCH-2024-00448,NIMS-2024-0448,Sneha Pandey,28-08-2004,MBBS Pre-Med,OBC-NCL,35000,3360,2024-07-28 16:00
SCH-2024-00449,NIMS-2024-0449,Aarav Shukla,2003-01-25,BBA,EWS,50000,7113,2024-07-28 17:00
SCH-2024-00450,NIMS-2024-0450,Diya Sharma,04/11/2004,BCA,SC,25000,3316,2024-07-28 18:00
SCH-2024-00451,NIMS-2024-0451,Sara Yadav,05/03/2004,MBBS Pre-Med,General,35000,1684,2024-07-28 19:00
SCH-2024-00452,nims-2024-0452,Sai Verma,26/08/2003,BCA,SC,75000,7456,2024-07-28 20:00
SCH-2024-00453,NIMS-2024-0453,Tanvi Jain,01-06-2004,B.Pharm,ST,25000,9970,2024-07-28 21:00
SCH-2024-00454,NIMS-2024-0454,Aditi Mehta,31/08/2003,B.Com Hons,SC,50000,5992,2024-07-28 22:00
SCH-2024-00455,NIMS 2024 0455,Ananya Mishra,08/04/2004,B.Com Hons,OBC-NCL,25000,6633,2024-07-28 23:00
SCH-2024-00456,NIMS-2024-0456,Krishna Banerjee,22/04/2003,B.Pharm,General,35000,7760,2024-07-29 00:00
SCH-2024-00457,NIMS-2024-0457,Sneha Mishra,21-02-2004,B.Tech AI&DS,EWS,50000,9397,2024-07-29 01:00
SCH-2024-00458,NIMS-2024-0458,Pooja Rathore,19/04/2004,B.Com Hons,General,25000,3637,2024-07-29 02:00
SCH-2024-00459,NIMS-2024-0459,Samarth Chatterjee,11/02/2003,BBA,SC,35000,4617,2024-07-29 03:00
SCH-2024-00460,NIMS-2024-0460,Aryan Pandey,10-02-2004,B.Tech CSE,SC,50000,5140,2024-07-29 04:00
SCH-2024-00461,NIMS-2024-0461,Vivaan Trivedi,08/04/2004,BBA,General,75000,2877,2024-07-29 05:00
SCH-2024-00462,NIMS-2024-0462,Krishna Jain,13/01/2003,B.Tech CSE,OBC-NCL,35000,1891,2024-07-29 06:00
SCH-2024-00463,NIMS-2024-0463,Anushka Pandey,03-12-2004,B.Tech AI&DS,EWS,50000,8557,2024-07-29 07:00
SCH-2024-00464,NIMS-2024-0464,Vivaan Gupta,22-07-2003,MBBS Pre-Med,OBC-NCL,25000,2198,2024-07-29 08:00
SCH-2024-00465,NIMS-2024-0465,Ayaan Verma,2004-04-17,B.Tech CSE,OBC-NCL,75000,2103,2024-07-29 09:00
SCH-2024-00466,NIMS-2024-0466,Pari Sharma,2004-01-27,BCA,OBC-NCL,50000,2608,2024-07-29 10:00
SCH-2024-00467,NIMS-2024-0467,Atharva Chauhan,14/10/2003,MBBS Pre-Med,OBC-NCL,25000,8982,2024-07-29 11:00
SCH-2024-00468,NIMS-2024-0468,Om Nair,2004-02-26,MBBS Pre-Med,General,25000,6851,2024-07-29 12:00
SCH-2024-00469,NIMS-2024-0469,Ishita Mehta,05/03/2004,BBA,EWS,35000,4842,2024-07-29 13:00
SCH-2024-00470,NIMS-2024-0470,Ishita Pandey,06/05/2004,MBBS Pre-Med,SC,50000,5671,2024-07-29 14:00
SCH-2024-00471,NIMS-2024-0471,Rudra Patel,27-01-2003,B.Sc Biotech,EWS,35000,2143,2024-07-29 15:00
SCH-2024-00472,NIMS-2024-0472,Rudra Verma,28/04/2004,B.Sc Biotech,EWS,35000,6206,2024-07-29 16:00
SCH-2024-00473,NIMS-2024-0473,Reyansh Yadav,2004-11-03,BBA,SC,25000,8383,2024-07-29 17:00
SCH-2024-00474,NIMS-2024-0474,Avani Trivedi,2003-12-30,B.Pharm,OBC-NCL,35000,6008,2024-07-29 18:00
SCH-2024-00475,NIMS-2024-0475,Gauri Banerjee,29-01-2003,B.Sc Biotech,EWS,35000,3496,2024-07-29 19:00
SCH-2024-00476,NIMS-2024-0476,Pari Rao,13-11-2003,B.Pharm,ST,25000,6971,2024-07-29 20:00
SCH-2024-00477,NIMS-2024-0477,Vihaan Yadav,2004-09-08,BBA,General,75000,8017,2024-07-29 21:00
SCH-2024-00478,NIMS-2024-0478,Diya Chatterjee,26/07/2003,B.Pharm,SC,35000,1079,2024-07-29 22:00
SCH-2024-00479,NIMS-2024-0479,Vihaan Sharma,2003-06-01,B.Pharm,General,50000,5033,2024-07-29 23:00
SCH-2024-00480,NIMS-2024-0480,Kavya Trivedi,23/08/2004,B.Tech AI&DS,SC,50000,8145,2024-07-30 00:00
SCH-2024-00481,NIMS-2024-0481,Krishna Patel,2004-03-23,MBBS Pre-Med,SC,35000,6889,2024-07-30 01:00
SCH-2024-00482,NIMS-2024-0482,Kabir Banerjee,29/06/2003,BCA,SC,50000,6432,2024-07-30 02:00
SCH-2024-00483,NIMS-2024-0483,Atharva Sharma,2004-12-19,BCA,EWS,25000,8583,2024-07-30 03:00
SCH-2024-00484,NIMS-2024-0484,Vanshika Mishra,2004-09-18,BBA,EWS,25000,6877,2024-07-30 04:00
SCH-2024-00485,NIMS-2024-0485,Ishaan Mishra,2003-03-21,BBA,SC,50000,8978,2024-07-30 05:00
SCH-2024-00486,NIMS-2024-0486,Sai Mishra,02-04-2004,B.Tech CSE,SC,35000,2783,2024-07-30 06:00
SCH-2024-00487,NIMS-2024-0487,Arjun Pandey,20/09/2003,B.Tech AI&DS,General,25000,2343,2024-07-30 07:00
SCH-2024-00488,NIMS-2024-0488,Pooja Shukla,2003-06-20,BCA,ST,75000,3293,2024-07-30 08:00
SCH-2024-00489,NIMS-2024-0489,Aanya Trivedi,14-04-2003,MBBS Pre-Med,EWS,35000,4218,2024-07-30 09:00
SCH-2024-00490,NIMS-2024-0490,Pooja Gupta,2003-02-04,B.Com Hons,General,50000,2252,2024-07-30 10:00
SCH-2024-00491,NIMS-2024-0491,Reyansh Gupta,17-12-2003,B.Pharm,ST,35000,2235,2024-07-30 11:00
SCH-2024-00492,NIMS-2024-0492,Myra Gupta,13/12/2003,MBBS Pre-Med,General,75000,9309,2024-07-30 12:00
SCH-2024-00493,NIMS-2024-0493,Vanshika Shukla,10-06-2003,B.Tech CSE,General,50000,1511,2024-07-30 13:00
SCH-2024-00494,NIMS-2024-0494,Advik Shukla,14-12-2004,B.Com Hons,SC,50000,7637,2024-07-30 14:00
SCH-2024-00495,NIMS-2024-0495,Reyansh Verma,07-02-2004,MBBS Pre-Med,OBC-NCL,25000,4485,2024-07-30 15:00
SCH-2024-00496,NIMS-2024-0496,Aarav Shukla,31/03/2003,B.Com Hons,EWS,75000,5269,2024-07-30 16:00
SCH-2024-00497,NIMS-2024-0497,Reyansh Sharma,31-07-2003,B.Pharm,SC,25000,9842,2024-07-30 17:00
SCH-2024-00498,NIMS-2024-0498,Ayaan Rathore,2004-02-12,MBBS Pre-Med,ST,50000,3435,2024-07-30 18:00
SCH-2024-00499,NIMS-2024-0499,Aanya Trivedi,2003-07-09,B.Sc Biotech,ST,50000,7430,2024-07-30 19:00
SCH-2024-00500,NIMS-2024-0500,Pooja Verma,27/09/2003,MBBS Pre-Med,ST,50000,5767,2024-07-30 20:00
